accuracy,alpha,cohen_kappa,f1,kfold,knn,precision,recall,train_size
0.9706666666666667,25,0.9673901563975511,0.9706430199055023,10,1,0.9706910159469943,0.9706666666666667,30000
0.9773333333333334,25,0.9748024275637727,0.9773492703673012,10,3,0.97741892120697,0.9773333333333334,30000
0.9756666666666667,25,0.972949033384969,0.9756614810348494,10,5,0.9757561413321766,0.9756666666666667,30000
0.9706666666666667,25,0.9673902651542008,0.9706367640211139,10,7,0.9707025586252709,0.9706666666666667,30000
0.9703333333333334,25,0.9670193659318697,0.97030709524497,10,9,0.9703921668821897,0.9703333333333334,30000
0.9693333333333334,25,0.9659076002088036,0.9693152040612139,10,11,0.9694507302679433,0.9693333333333334,30000
0.9726666666666667,35,0.9696145944808245,0.972693226494404,10,1,0.9728317565622542,0.9726666666666667,30000
0.976,35,0.9733196110493372,0.9760086759139972,10,3,0.9760931286057988,0.976,30000
0.974,35,0.971096166758813,0.9739905064420943,10,5,0.9740810530659928,0.974,30000
0.9726666666666667,35,0.969614320499007,0.9726511731108518,10,7,0.9728065740924203,0.9726666666666667,30000
0.9723333333333334,35,0.9692432429628169,0.9723415795988746,10,9,0.9725636211420212,0.9723333333333334,30000
0.9723333333333334,35,0.9692426388926461,0.972310441381348,10,11,0.9724937179976838,0.9723333333333334,30000
0.972,45,0.9688744366365667,0.9719943125852833,10,1,0.9720319901728375,0.972,30000
0.977,45,0.9744310002012169,0.9769940900630228,10,3,0.977084722733243,0.977,30000
0.9756666666666667,45,0.972948966557882,0.9756642961999654,10,5,0.9757540082501609,0.9756666666666667,30000
0.9753333333333334,45,0.9725776084561761,0.9753061641863524,10,7,0.9754150199032818,0.9753333333333334,30000
0.9723333333333334,45,0.9692425743051231,0.9723038823500674,10,9,0.9724583830231286,0.9723333333333334,30000
0.972,45,0.9688717414457199,0.971960951428654,10,11,0.9721862123757073,0.972,30000
0.9713333333333334,55,0.9681323598963288,0.9713235337221647,10,1,0.9713723426103713,0.9713333333333334,30000
0.9766666666666667,55,0.974060922000822,0.9766646467443116,10,3,0.9767187583474455,0.9766666666666667,30000
0.9743333333333334,55,0.9714670177252814,0.9743307000060252,10,5,0.9744628908531638,0.9743333333333334,30000
0.9743333333333334,55,0.9714661330792378,0.9743012605208774,10,7,0.9744511036000114,0.9743333333333334,30000
0.971,55,0.9677599502243277,0.9709655448787238,10,9,0.9712110147365873,0.971,30000
0.97,55,0.9666482161304297,0.9699653825988455,10,11,0.9702465529817378,0.97,30000
0.9703333333333334,65,0.9670208691199105,0.970340896646087,10,1,0.9703950021554993,0.9703333333333334,30000
0.9736666666666667,65,0.9707253552885757,0.9736364259347267,10,3,0.9736722086745422,0.9736666666666667,30000
0.9753333333333334,65,0.9725785636503416,0.9753107635593571,10,5,0.9754171856140333,0.9753333333333334,30000
0.9733333333333334,65,0.9703537904531794,0.9733148803038641,10,7,0.973533382666348,0.9733333333333334,30000
0.9706666666666667,65,0.967389076847764,0.970648053576893,10,9,0.9708808908597842,0.9706666666666667,30000
0.9703333333333334,65,0.9670179766850447,0.9702934936095744,10,11,0.9706049386666137,0.9703333333333334,30000
0.97,75,0.96665022646349,0.9700064839584621,10,1,0.9700786307085494,0.97,30000
0.973,75,0.9699846032131297,0.9729860774031348,10,3,0.9730421469160907,0.973,30000
0.975,75,0.9722081169838174,0.974995645451994,10,5,0.9751403214458304,0.975,30000
0.9713333333333334,75,0.9681308798063544,0.9713030170561617,10,7,0.9714693886377012,0.9713333333333334,30000
0.971,75,0.9677597311878031,0.9709794023321028,10,9,0.9712033014311334,0.971,30000
0.9696666666666667,75,0.9662760744312979,0.9696171616326237,10,11,0.9699305881424768,0.9696666666666667,30000
0.9703333333333334,85,0.9670207102528536,0.9703445283911333,10,1,0.9704186633420245,0.9703333333333334,30000
0.9733333333333334,85,0.9703548743874267,0.9733192955080453,10,3,0.9733931022209208,0.9733333333333334,30000
0.9723333333333334,85,0.9692431213908532,0.9723091477292681,10,5,0.9725230624243492,0.9723333333333334,30000
0.9696666666666667,85,0.9662778823547722,0.9696261381333009,10,7,0.9699359402206119,0.9696666666666667,30000
0.9696666666666667,85,0.9662775699394552,0.9696308270813694,10,9,0.9698831779907809,0.9696666666666667,30000
0.9693333333333334,85,0.9659058482587894,0.9692747784329538,10,11,0.9696772969840795,0.9693333333333334,30000
0.9716666666666667,95,0.9685026726408656,0.9716668262695647,10,1,0.9717528031305889,0.9716666666666667,30000
0.972,95,0.9688724681551144,0.9719777791101102,10,3,0.9720524805879669,0.972,30000
0.9723333333333334,95,0.9692427870629975,0.9723096431473736,10,5,0.972481030941718,0.9723333333333334,30000
0.9716666666666667,95,0.968500859555956,0.9716218360685572,10,7,0.9718761492746307,0.9716666666666667,30000
0.97,95,0.9666474869128444,0.969964350426691,10,9,0.9702866543199268,0.97,30000
0.9703333333333334,95,0.9670170069947416,0.970290581426995,10,11,0.9706889807560221,0.9703333333333334,30000
0.969,105,0.9655381203972083,0.9689982685494694,10,1,0.969118952294856,0.969,30000
0.972,105,0.968872783436467,0.9719700576667203,10,3,0.9720089398577344,0.972,30000
0.972,105,0.9688722413023855,0.9719746098497012,10,5,0.9721526802242897,0.972,30000
0.9713333333333334,105,0.9681302617493719,0.9713006427078409,10,7,0.971613196274147,0.9713333333333334,30000
0.97,105,0.9666474209932991,0.9699564744884471,10,9,0.9702953639986448,0.97,30000
0.9693333333333334,105,0.9659055913471356,0.9692799181488928,10,11,0.9696702121104486,0.9693333333333334,30000
0.9676666666666667,25,0.9640569856113073,0.9677166575141246,10,1,0.9679226591953297,0.9676666666666667,30000
0.97,25,0.9666510461813842,0.9700878264913316,10,3,0.9704653238312658,0.97,30000
0.9713333333333334,25,0.9681331510582512,0.9713718582745171,10,5,0.9715786832172668,0.9713333333333334,30000
0.9693333333333334,25,0.9659102151645937,0.9693614529084945,10,7,0.9696182446496667,0.9693333333333334,30000
0.9663333333333334,25,0.9625748595445595,0.9663409860596824,10,9,0.9665653764399387,0.9663333333333334,30000
0.967,25,0.9633170433833395,0.9670336501139764,10,11,0.9673287286649289,0.967,30000
0.9696666666666667,35,0.9662801482339506,0.9696600163167459,10,1,0.9697715188186288,0.9696666666666667,30000
0.9733333333333334,35,0.9703560021808101,0.9733938324464565,10,3,0.973650457860126,0.9733333333333334,30000
0.9733333333333334,35,0.9703554382948448,0.9733613925553688,10,5,0.9735489914977543,0.9733333333333334,30000
0.9723333333333334,35,0.9692444814224316,0.9723808139841001,10,7,0.972608510999022,0.9723333333333334,30000
0.972,35,0.9688742213460343,0.972058429114119,10,9,0.9723817385526016,0.972,30000
0.971,35,0.9677625465760181,0.9710336212241738,10,11,0.9712978568241262,0.971,30000
0.97,45,0.966651309800686,0.9700274729169358,10,1,0.9702057790915549,0.97,30000
0.9723333333333334,45,0.9692449524667771,0.9723904749451945,10,3,0.9727595639037072,0.9723333333333334,30000
0.9743333333333334,45,0.9714678741231775,0.9743546365028566,10,5,0.9745819252468627,0.9743333333333334,30000
0.971,45,0.967762530648755,0.9710545721535279,10,7,0.9713926195663163,0.971,30000
0.9706666666666667,45,0.9673919205825285,0.970720973623976,10,9,0.9710632587660682,0.9706666666666667,30000
0.9683333333333334,45,0.9647975743181877,0.9683842191092632,10,11,0.9687704309416297,0.9683333333333334,30000
0.9713333333333334,55,0.9681334108341957,0.9713438684395984,10,1,0.9715131039610945,0.9713333333333334,30000
0.973,55,0.9699843177324251,0.9730669822604529,10,3,0.9734275744817625,0.973,30000
0.973,55,0.9699847218528641,0.973016622905381,10,5,0.9732366421333524,0.973,30000
0.969,55,0.9655387418651667,0.9690429285204314,10,7,0.9693833626990805,0.969,30000
0.9676666666666667,55,0.9640565638519704,0.9677057807510502,10,9,0.9680206998087211,0.9676666666666667,30000
0.9683333333333334,55,0.9647980526035669,0.9683732894178735,10,11,0.9686921917978768,0.9683333333333334,30000
0.9716666666666667,65,0.9685036880328589,0.9716862180570857,10,1,0.9718614941311998,0.9716666666666667,30000
0.975,65,0.9722077702627588,0.9750560112097865,10,3,0.9753493690115305,0.975,30000
0.9723333333333334,65,0.9692438356123775,0.9723630867339552,10,5,0.9725725401245819,0.9723333333333334,30000
0.9716666666666667,65,0.9685025481438552,0.9717024490066009,10,7,0.9720360050528845,0.9716666666666667,30000
0.9676666666666667,65,0.9640560310891862,0.9676899283452505,10,9,0.967977185232181,0.9676666666666667,30000
0.9653333333333334,65,0.9614627076351022,0.9653674920248722,10,11,0.9657870914091446,0.9653333333333334,30000
0.9713333333333334,75,0.96813283617264,0.9713742351020868,10,1,0.9715861254495974,0.9713333333333334,30000
0.9753333333333334,75,0.9725788684855359,0.9753834405169987,10,3,0.9756803527951864,0.9753333333333334,30000
0.973,75,0.9699839840467963,0.973051625892721,10,5,0.9733506931029248,0.973,30000
0.97,75,0.9666495426478855,0.9700403666431989,10,7,0.9704018833461768,0.97,30000
0.9666666666666667,75,0.9629441376699397,0.9666907870276588,10,9,0.9671097111806892,0.9666666666666667,30000
0.9636666666666667,75,0.9596096339051802,0.9636722322532094,10,11,0.9641211379348936,0.9636666666666667,30000
0.9713333333333334,85,0.968132773194771,0.9713537118633486,10,1,0.9715209486056787,0.9713333333333334,30000
0.973,85,0.9699845698455354,0.9730541233742346,10,3,0.9735066311606088,0.973,30000
0.972,85,0.9688726527108276,0.9720434938123125,10,5,0.972353314879029,0.972,30000
0.9693333333333334,85,0.9659078276121892,0.9693744053970038,10,7,0.9698113363588015,0.9693333333333334,30000
0.9666666666666667,85,0.962943972892775,0.9666645818343695,10,9,0.9670190079378415,0.9666666666666667,30000
0.9646666666666667,85,0.9607204171936369,0.9646526088552232,10,11,0.9651459743971796,0.9646666666666667,30000
0.9716666666666667,95,0.9685028905082658,0.9716764541618822,10,1,0.9718272283939188,0.9716666666666667,30000
0.9726666666666667,95,0.9696143092393745,0.9727415956004994,10,3,0.9731704951018467,0.9726666666666667,30000
0.9726666666666667,95,0.9696139902129874,0.9727066347687822,10,5,0.9730527347699762,0.9726666666666667,30000
0.9683333333333334,95,0.9647956697438546,0.96835724201423,10,7,0.9687659028964578,0.9683333333333334,30000
0.9653333333333334,95,0.9614618841358957,0.9653172416578324,10,9,0.9656658861257774,0.9653333333333334,30000
0.964,95,0.959978442709326,0.9639793216047284,10,11,0.9645114230878429,0.964,30000
0.9726666666666667,105,0.9696139639399275,0.9726842325192369,10,1,0.9728609598298192,0.9726666666666667,30000
0.973,105,0.9699848330767633,0.973087337312191,10,3,0.9735046301241482,0.973,30000
0.9723333333333334,105,0.969243098596003,0.9723512352794721,10,5,0.9726879273261181,0.9723333333333334,30000
0.9683333333333334,105,0.9647959132625653,0.9683434300419806,10,7,0.9686627681307015,0.9683333333333334,30000
0.965,105,0.9610906957354167,0.9649793116579807,10,9,0.9653821586952898,0.965,30000
0.9623333333333334,105,0.958126151453634,0.9623024514513823,10,11,0.9628745553064219,0.9623333333333334,30000
0.9666666666666667,25,0.9629422289112871,0.9666290782962911,10,1,0.9667216979744734,0.9666666666666667,30000
0.9673333333333334,25,0.9636831375990329,0.967406394599644,10,3,0.9678972724892816,0.9673333333333334,30000
0.967,25,0.9633130332117105,0.9670399930775158,10,5,0.9674208391255278,0.967,30000
0.9646666666666667,25,0.9607189955525998,0.9647340842918117,10,7,0.9652975347439724,0.9646666666666667,30000
0.9616666666666667,25,0.9573843212841722,0.9616725733410475,10,9,0.9621273674232594,0.9616666666666667,30000
0.961,25,0.9566421721703521,0.961038725539207,10,11,0.9615787965108418,0.961,30000
0.9693333333333334,35,0.9659077307555625,0.9693185978416359,10,1,0.9694567901885819,0.9693333333333334,30000
0.9703333333333334,35,0.9670182089133352,0.9703883441201415,10,3,0.970689410257792,0.9703333333333334,30000
0.969,35,0.9655363239733777,0.9690321798864414,10,5,0.9694063764151246,0.969,30000
0.9676666666666667,35,0.9640538954398228,0.9676926399757231,10,7,0.9680181892284606,0.9676666666666667,30000
0.967,35,0.9633135090406261,0.9670178032954674,10,9,0.9674425292672305,0.967,30000
0.9663333333333334,35,0.962571960963667,0.9663463228901091,10,11,0.9668002244190574,0.9663333333333334,30000
0.9663333333333334,45,0.9625708189751866,0.9663342147409484,10,1,0.9664901595467998,0.9663333333333334,30000
0.9696666666666667,45,0.9662765410107526,0.9696856591832217,10,3,0.970032104236431,0.9696666666666667,30000
0.971,45,0.9677594086013204,0.9710476279088203,10,5,0.9714406355187843,0.971,30000
0.968,45,0.9644259415421873,0.9680063098612353,10,7,0.9683593512339485,0.968,30000
0.9673333333333334,45,0.9636830075015589,0.9673367266959989,10,9,0.9676395971592516,0.9673333333333334,30000
0.9663333333333334,45,0.9625712674567053,0.9663561439550119,10,11,0.966734922317495,0.9663333333333334,30000
0.966,55,0.9621992571042235,0.9660005875686479,10,1,0.966180277568028,0.966,30000
0.9686666666666667,55,0.9651643999438183,0.968714039286866,10,3,0.9691777935483825,0.9686666666666667,30000
0.9703333333333334,55,0.9670163795176905,0.9703634159656954,10,5,0.970712977280203,0.9703333333333334,30000
0.9676666666666667,55,0.9640536245805021,0.967714897502062,10,7,0.9681456989467341,0.9676666666666667,30000
0.9676666666666667,55,0.9640531938613726,0.9676755690564907,10,9,0.968012899496755,0.9676666666666667,30000
0.9656666666666667,55,0.9618293028659523,0.9656878879944379,10,11,0.9661307343065758,0.9656666666666667,30000
0.9663333333333334,65,0.9625698618704371,0.9663148884559819,10,1,0.9664626969944523,0.9663333333333334,30000
0.9686666666666667,65,0.9651641976894721,0.9686942159977172,10,3,0.969092754659624,0.9686666666666667,30000
0.9693333333333334,65,0.965905187019314,0.969363628090263,10,5,0.9697317148218496,0.9693333333333334,30000
0.9686666666666667,65,0.9651653165138635,0.9686980785776089,10,7,0.9690389237174465,0.9686666666666667,30000
0.9686666666666667,65,0.9651651831193442,0.9687155026266272,10,9,0.9691772204247363,0.9686666666666667,30000
0.9663333333333334,65,0.9625693023807406,0.966375485049445,10,11,0.9669401501499363,0.9663333333333334,30000
0.9663333333333334,75,0.9625690573097381,0.9663247874454376,10,1,0.9665234822326385,0.9663333333333334,30000
0.9666666666666667,75,0.9629393402238983,0.966688387854143,10,3,0.9671190039202008,0.9666666666666667,30000
0.969,75,0.965534084566756,0.9690295077172084,10,5,0.9694527175186487,0.969,30000
0.9676666666666667,75,0.9640535624154919,0.9676976646966473,10,7,0.9681543240937595,0.9676666666666667,30000
0.9676666666666667,75,0.9640527364885231,0.967694949066552,10,9,0.9680222117471267,0.9676666666666667,30000
0.9653333333333334,75,0.9614571233351052,0.9653581081674862,10,11,0.9658480701169238,0.9653333333333334,30000
0.965,85,0.9610860572578518,0.9649839630806746,10,1,0.9652760233469166,0.965,30000
0.9663333333333334,85,0.9625693994834577,0.9663639567608409,10,3,0.9667844368022276,0.9663333333333334,30000
0.9703333333333334,85,0.9670169173566245,0.9703701886979261,10,5,0.970803755399513,0.9703333333333334,30000
0.9683333333333334,85,0.9647946782400353,0.9683831663727813,10,7,0.9689471858668243,0.9683333333333334,30000
0.967,85,0.9633105224433364,0.967033412913053,10,9,0.967393325668421,0.967,30000
0.9643333333333334,85,0.9603450107599675,0.9643566945246904,10,11,0.9648645127646628,0.9643333333333334,30000
0.9656666666666667,95,0.961827473273981,0.9656449959799608,10,1,0.9658927160893693,0.9656666666666667,30000
0.967,95,0.9633102776930195,0.9670265119345387,10,3,0.9674980644873187,0.967,30000
0.9703333333333334,95,0.9670167951220434,0.970358967049868,10,5,0.9707809733006164,0.9703333333333334,30000
0.9686666666666667,95,0.9651648732958736,0.9687099056493795,10,7,0.9692938776278341,0.9686666666666667,30000
0.967,95,0.9633097972477159,0.9670533080927655,10,9,0.967481352935331,0.967,30000
0.9653333333333334,95,0.9614562995972183,0.965375475190682,10,11,0.9659831495841394,0.9653333333333334,30000
0.9656666666666667,105,0.9618263367638568,0.9656365835428464,10,1,0.9659353180306739,0.9656666666666667,30000
0.9663333333333334,105,0.9625694642183226,0.9663689733716072,10,3,0.9668593356267423,0.9663333333333334,30000
0.967,105,0.9633103547443973,0.9670333069112945,10,5,0.9675749877206208,0.967,30000
0.9666666666666667,105,0.962940590059925,0.9667229622032542,10,7,0.9673431041558477,0.9666666666666667,30000
0.9666666666666667,105,0.9629389098579164,0.9667481579736372,10,9,0.9673855307607904,0.9666666666666667,30000
0.9653333333333334,105,0.9614563710209726,0.9653800759585862,10,11,0.9659705726750999,0.9653333333333334,30000
0.9663333333333334,25,0.9625630405038249,0.9662426511323872,10,1,0.966543367626374,0.9663333333333334,30000
0.9646666666666667,25,0.9607115654402621,0.9646688469556237,10,3,0.965005658374768,0.9646666666666667,30000
0.9673333333333334,25,0.9636746030245712,0.9672992464964177,10,5,0.9676452463351081,0.9673333333333334,30000
0.9653333333333334,25,0.961450580076103,0.9653102583457215,10,7,0.9657438560717472,0.9653333333333334,30000
0.9653333333333334,25,0.9614513230906698,0.9653272308328049,10,9,0.9658121722435475,0.9653333333333334,30000
0.9643333333333334,25,0.9603382247463531,0.9642955493585426,10,11,0.9646806238674972,0.9643333333333334,30000
0.9716666666666667,35,0.9684934416318767,0.9716039481875344,10,1,0.9718074895339583,0.9716666666666667,30000
0.9723333333333334,35,0.969236471460341,0.972339275500504,10,3,0.9726439811491217,0.9723333333333334,30000
0.9723333333333334,35,0.9692355668476538,0.9723126375584553,10,5,0.972536209666283,0.9723333333333334,30000
0.97,35,0.9666406793440322,0.9699850535451323,10,7,0.9702576436696482,0.97,30000
0.9676666666666667,35,0.9640453325343408,0.9676463296409908,10,9,0.9680974282863322,0.9676666666666667,30000
0.9666666666666667,35,0.9629324165284354,0.9666421925034989,10,11,0.9671468622963573,0.9666666666666667,30000
0.9736666666666667,45,0.9707178102556113,0.9736071104926419,10,1,0.9737660290941541,0.9736666666666667,30000
0.9713333333333334,45,0.9681239617121831,0.9713477678744795,10,3,0.9718121987774594,0.9713333333333334,30000
0.972,45,0.9688642878323613,0.9719629638468271,10,5,0.9722552641118359,0.972,30000
0.9713333333333334,45,0.9681220397051116,0.9712951625412455,10,7,0.9716534655339835,0.9713333333333334,30000
0.9676666666666667,45,0.9640443818358148,0.9676130857378588,10,9,0.9680668973026908,0.9676666666666667,30000
0.9663333333333334,45,0.9625620413695621,0.9662752750238425,10,11,0.9667777153864595,0.9663333333333334,30000
0.972,55,0.968864891792526,0.9719347462619893,10,1,0.9720621268148878,0.972,30000
0.9696666666666667,55,0.9662706328284101,0.9696512760423204,10,3,0.9699539956421892,0.9696666666666667,30000
0.9706666666666667,55,0.9673812923062477,0.9706071606524729,10,5,0.9708804064372591,0.9706666666666667,30000
0.971,55,0.9677514972386756,0.9709429581038874,10,7,0.9712525244940968,0.971,30000
0.9676666666666667,55,0.9640450748733516,0.9676302605815611,10,9,0.9680736466721581,0.9676666666666667,30000
0.9666666666666667,55,0.9629336393532069,0.9666327814846257,10,11,0.9670854534838115,0.9666666666666667,30000
0.9713333333333334,65,0.9681229692292752,0.9712580717392779,10,1,0.9714620514242197,0.9713333333333334,30000
0.971,65,0.967752879816095,0.9709730774905103,10,3,0.971330906252555,0.971,30000
0.97,65,0.9666400322331422,0.969950607782911,10,5,0.9703776683633443,0.97,30000
0.968,65,0.9644151858194515,0.9679669535182657,10,7,0.968521246685789,0.968,30000
0.9656666666666667,65,0.9618204078939581,0.9656359062151961,10,9,0.9662021093761002,0.9656666666666667,30000
0.965,65,0.9610799991351111,0.9649732153063741,10,11,0.9655416149201633,0.965,30000
0.9703333333333334,75,0.9670111224409991,0.9702748132777357,10,1,0.9705106061073115,0.9703333333333334,30000
0.9706666666666667,75,0.9673816066609724,0.9706303613039895,10,3,0.9709673642130947,0.9706666666666667,30000
0.9683333333333334,75,0.9647855912029711,0.9682989974656651,10,5,0.968897754609104,0.9683333333333334,30000
0.966,75,0.9621906444085708,0.9659409918018246,10,7,0.9664626017320719,0.966,30000
0.965,75,0.9610788498021694,0.9649593165853902,10,9,0.9655633134826492,0.965,30000
0.965,75,0.9610795951931941,0.9649841260843612,10,11,0.9656101367498606,0.965,30000
0.97,85,0.96664056393756,0.9699297890474945,10,1,0.9701965306931161,0.97,30000
0.9706666666666667,85,0.9673821225120065,0.9706246912349574,10,3,0.970965232722665,0.9706666666666667,30000
0.9673333333333334,85,0.963673727802053,0.9673195470845162,10,5,0.9680078040108425,0.9673333333333334,30000
0.9663333333333334,85,0.9625614261353618,0.966284098640093,10,7,0.9668487213748448,0.9663333333333334,30000
0.9636666666666667,85,0.95959589968811,0.9636310810816303,10,9,0.9642899484486579,0.9636666666666667,30000
0.964,85,0.959966653705253,0.9639620666934399,10,11,0.9645380451910437,0.964,30000
0.9686666666666667,95,0.9651576166870799,0.9686003171056027,10,1,0.9688411390013799,0.9686666666666667,30000
0.969,95,0.965528161083073,0.9689484588003636,10,3,0.9693544290916077,0.969,30000
0.966,95,0.9621907845597543,0.9659631185726442,10,5,0.9665767489441714,0.966,30000
0.9653333333333334,95,0.9614493892878974,0.9652974492510625,10,7,0.9658611511587917,0.9653333333333334,30000
0.9633333333333334,95,0.9592247362025774,0.9632979797691669,10,9,0.9640808856165037,0.9633333333333334,30000
0.9633333333333334,95,0.9592254616975108,0.9633233994893055,10,11,0.9640510700140221,0.9633333333333334,30000
0.969,105,0.965528297375888,0.9689242290555503,10,1,0.9692379411122688,0.969,30000
0.9673333333333334,105,0.9636742843586905,0.967275150672308,10,3,0.9677093162066507,0.9673333333333334,30000
0.9663333333333334,105,0.9625616342995726,0.9662976756959051,10,5,0.9669142144190271,0.9663333333333334,30000
0.965,105,0.9610787151478428,0.9649529116903787,10,7,0.9655457994018026,0.965,30000
0.9626666666666667,105,0.9584835934822207,0.9626441554259991,10,9,0.963423776863974,0.9626666666666667,30000
0.9636666666666667,105,0.9595956151233983,0.9636552893843793,10,11,0.9644987043580707,0.9636666666666667,30000
0.9633333333333334,25,0.9592219095490054,0.9633347074559894,10,1,0.9635040167741187,0.9633333333333334,30000
0.9673333333333334,25,0.9636669310494745,0.967358025615394,10,3,0.967708945354337,0.9673333333333334,30000
0.9666666666666667,25,0.9629261729108466,0.9667021917777934,10,5,0.9670771485403996,0.9666666666666667,30000
0.968,25,0.964408413455597,0.9680441334877066,10,7,0.9683877215930506,0.968,30000
0.966,25,0.9621839766835792,0.9660207410644366,10,9,0.9663720088140609,0.966,30000
0.9626666666666667,25,0.9584766157848673,0.9626633296189824,10,11,0.9629895543411767,0.9626666666666667,30000
0.969,35,0.9655215368052034,0.968984516523638,10,1,0.9690832577451334,0.969,30000
0.973,35,0.9699700553255388,0.9730332053653798,10,3,0.9732453330298857,0.973,30000
0.971,35,0.967745535259135,0.9709877742081888,10,5,0.9711330921100245,0.971,30000
0.969,35,0.9655203309553896,0.9690012235987508,10,7,0.9691680659769931,0.969,30000
0.9673333333333334,35,0.9636661901664645,0.9673351011787544,10,9,0.9675415432080227,0.9673333333333334,30000
0.9666666666666667,35,0.9629248671196342,0.9666947072542801,10,11,0.967031709273792,0.9666666666666667,30000
0.9676666666666667,45,0.9640394809426549,0.9676494203585498,10,1,0.9677638695820484,0.9676666666666667,30000
0.969,45,0.9655196022914758,0.9690183761906003,10,3,0.9692223396590213,0.969,30000
0.9713333333333334,45,0.9681154093653941,0.9713439308732401,10,5,0.97153951372039,0.9713333333333334,30000
0.9696666666666667,45,0.9662611912740813,0.9696588632847899,10,7,0.9697682462224728,0.9696666666666667,30000
0.968,45,0.9644078988264864,0.9680175298745046,10,9,0.9682293872253739,0.968,30000
0.9666666666666667,45,0.9629235291609533,0.9666654608897024,10,11,0.9668980804369149,0.9666666666666667,30000
0.9703333333333334,55,0.9670047791167686,0.9703283982833467,10,1,0.9704438508004946,0.9703333333333334,30000
0.969,55,0.965519504281699,0.9690248964934175,10,3,0.9692050272760662,0.969,30000
0.9693333333333334,55,0.965891029501417,0.9693247702270447,10,5,0.9694961840928455,0.9693333333333334,30000
0.967,55,0.963294974315751,0.9670005095222701,10,7,0.9672020470120852,0.967,30000
0.9656666666666667,55,0.9618113388685058,0.9656817293363035,10,9,0.9659323847673612,0.9656666666666667,30000
0.966,55,0.9621811350603124,0.9659865389119345,10,11,0.9662100654779678,0.966,30000
0.9703333333333334,65,0.9670033070842787,0.9703221717566494,10,1,0.9703939974603768,0.9703333333333334,30000
0.9686666666666667,65,0.9651483758463414,0.9686924489526479,10,3,0.9688288037153513,0.9686666666666667,30000
0.9686666666666667,65,0.9651484792192864,0.968684185004682,10,5,0.9689192187713337,0.9686666666666667,30000
0.9676666666666667,65,0.9640358588440828,0.9676603810327962,10,7,0.9678509869946986,0.9676666666666667,30000
0.9666666666666667,65,0.9629244318354556,0.966654100564447,10,9,0.9668375211722001,0.9666666666666667,30000
0.9643333333333334,65,0.9603277055114456,0.9643187285914656,10,11,0.9646118769252393,0.9643333333333334,30000
0.9693333333333334,75,0.9658918346040685,0.9693163809190425,10,1,0.9694134737657637,0.9693333333333334,30000
0.967,75,0.9632939264177938,0.9670171236602602,10,3,0.9671879532186689,0.967,30000
0.9683333333333334,75,0.9647777880080108,0.968337686845153,10,5,0.9685619437399513,0.9683333333333334,30000
0.9693333333333334,75,0.9658894023192982,0.9693297838012891,10,7,0.9695547114934879,0.9693333333333334,30000
0.967,75,0.9632940851940575,0.9669948374329524,10,9,0.9671944109398914,0.967,30000
0.9636666666666667,75,0.9595862671911306,0.9636828619215189,10,11,0.964053056958534,0.9636666666666667,30000
0.9693333333333334,85,0.9658911981124485,0.9693123570699345,10,1,0.9693805188668184,0.9693333333333334,30000
0.967,85,0.9632942258233155,0.967009750759882,10,3,0.9671884183615659,0.967,30000
0.966,85,0.9621818642017481,0.9659944425876811,10,5,0.966272149104011,0.966,30000
0.9673333333333334,85,0.9636653010669672,0.9673353364472188,10,7,0.9675808167336304,0.9673333333333334,30000
0.9656666666666667,85,0.9618110556870197,0.9656606157809996,10,9,0.9659199043340464,0.9656666666666667,30000
0.9633333333333334,85,0.9592156653370973,0.9633437436380001,10,11,0.9637469471407236,0.9633333333333334,30000
0.969,95,0.9655206164468884,0.9689848192922932,10,1,0.9690879295512439,0.969,30000
0.967,95,0.963294588732551,0.9670015219775364,10,3,0.9671629245751251,0.967,30000
0.9683333333333334,95,0.9647763296935541,0.9683454129946422,10,5,0.9686317468468936,0.9683333333333334,30000
0.967,95,0.963293695055636,0.9669910081060069,10,7,0.9672184442182512,0.967,30000
0.965,95,0.96106927740624,0.9650042586868035,10,9,0.9652702564185699,0.965,30000
0.964,95,0.9599559119534322,0.9640068445974351,10,11,0.9643910432311943,0.964,30000
0.9696666666666667,105,0.966262483807846,0.9696588159011426,10,1,0.9697793044028095,0.9696666666666667,30000
0.967,105,0.9632948699822728,0.9670167838478637,10,3,0.9672077566754739,0.967,30000
0.9656666666666667,105,0.9618101589179396,0.9656902729341996,10,5,0.9661262569672396,0.9656666666666667,30000
0.9653333333333334,105,0.9614386021592158,0.9653113668402604,10,7,0.9656210767147693,0.9653333333333334,30000
0.9626666666666667,105,0.9584724588358248,0.9626390680790936,10,9,0.963098895867513,0.9626666666666667,30000
0.963,105,0.9588440695725555,0.9630290485270468,10,11,0.9635499738719985,0.963,30000
0.9683333333333334,25,0.9647889020549567,0.9682936286833627,10,1,0.9683711238329897,0.9683333333333334,30000
0.971,25,0.9677561664478574,0.9709606104804983,10,3,0.9710486794535773,0.971,30000
0.971,25,0.9677559035419707,0.9709534385341455,10,5,0.9710103446835926,0.971,30000
0.9726666666666667,25,0.9696080701198653,0.9725980933346212,10,7,0.9726359173139122,0.9726666666666667,30000
0.9716666666666667,25,0.9684965205333502,0.9715891933757302,10,9,0.9716377166261594,0.9716666666666667,30000
0.9696666666666667,25,0.9662737205077275,0.9696016779403337,10,11,0.9696775925321525,0.9696666666666667,30000
0.97,35,0.9666428513097685,0.9699489416050159,10,1,0.9700193212998305,0.97,30000
0.972,35,0.968866303506099,0.9719476664443389,10,3,0.9720365689125059,0.972,30000
0.974,35,0.971090856865767,0.9739333405623029,10,5,0.9739894290200964,0.974,30000
0.9733333333333334,35,0.9703487872159784,0.973261049897264,10,7,0.973303487538981,0.9733333333333334,30000
0.9733333333333334,35,0.9703488934515901,0.9732716744788003,10,9,0.9733265476431413,0.9733333333333334,30000
0.9706666666666667,35,0.9673837183228263,0.9705982105859018,10,11,0.9706916714117712,0.9706666666666667,30000
0.971,45,0.9677548678104011,0.9709383468361635,10,1,0.9710432559025285,0.971,30000
0.9723333333333334,45,0.9692369731553674,0.9722727510937497,10,3,0.9723702311422412,0.9723333333333334,30000
0.9733333333333334,45,0.9703475196565057,0.9732648171558901,10,5,0.9733662672177201,0.9733333333333334,30000
0.974,45,0.971089196007838,0.9739372529996517,10,7,0.9740132902303272,0.974,30000
0.973,45,0.9699778132333352,0.9729403524024167,10,9,0.9729984036338087,0.973,30000
0.9703333333333334,45,0.9670120191152376,0.9702707651032072,10,11,0.97040719893349,0.9703333333333334,30000
0.9703333333333334,55,0.9670127894009992,0.9702794904706664,10,1,0.9703274839794714,0.9703333333333334,30000
0.9713333333333334,55,0.9681244461159205,0.9712797851985586,10,3,0.9713802873868325,0.9713333333333334,30000
0.9746666666666667,55,0.9718308362646354,0.9746272314656027,10,5,0.9747072156604025,0.9746666666666667,30000
0.9743333333333334,55,0.9714599742818539,0.974289921017098,10,7,0.9743537973670039,0.9743333333333334,30000
0.9733333333333334,55,0.970347222900049,0.9732797171882261,10,9,0.9733606551272675,0.9733333333333334,30000
0.9706666666666667,55,0.9673826544662968,0.9706066519347972,10,11,0.9707159425918043,0.9706666666666667,30000
0.97,65,0.9666412398783962,0.9699229271198417,10,1,0.9700104662383343,0.97,30000
0.9713333333333334,65,0.9681245445701644,0.9712757284401354,10,3,0.9713229502579421,0.9713333333333334,30000
0.975,65,0.9722007893740298,0.9749539120398293,10,5,0.9750957721017861,0.975,30000
0.9736666666666667,65,0.9707188594143253,0.9736274386804235,10,7,0.9737692432022307,0.9736666666666667,30000
0.9716666666666667,65,0.9684939710433648,0.9716140068376116,10,9,0.9717270540646081,0.9716666666666667,30000
0.97,65,0.9666407246820706,0.9699280073859571,10,11,0.9701172012523563,0.97,30000
0.9693333333333334,75,0.9659003132723394,0.9692587716959247,10,1,0.9693063764241824,0.9693333333333334,30000
0.97,75,0.9666412110278226,0.9699382576066103,10,3,0.970063614809872,0.97,30000
0.9733333333333334,75,0.9703475416382291,0.9732762668397477,10,5,0.9734405119822737,0.9733333333333334,30000
0.9723333333333334,75,0.96923527796853,0.9722802745680409,10,7,0.9724315013206523,0.9723333333333334,30000
0.9713333333333334,75,0.968123445786321,0.9712787369220273,10,9,0.9713815396576576,0.9713333333333334,30000
0.9693333333333334,75,0.9658980338857399,0.9692673302432192,10,11,0.9694558699887705,0.9693333333333334,30000
0.9663333333333334,85,0.9625641829669997,0.9662543355261719,10,1,0.9663075714842022,0.9663333333333334,30000
0.969,85,0.9655296687623557,0.9689521488024542,10,3,0.9690736139721611,0.969,30000
0.9716666666666667,85,0.9684944887594513,0.9716044668407283,10,5,0.9717559362723869,0.9716666666666667,30000
0.9723333333333334,85,0.9692357454938707,0.9722868506778871,10,7,0.9724255997971464,0.9723333333333334,30000
0.9703333333333334,85,0.9670099240820511,0.9702910682074516,10,9,0.970485074537329,0.9703333333333334,30000
0.968,85,0.964415515576552,0.9679279080002755,10,11,0.9681120413743374,0.968,30000
0.965,95,0.9610811628256657,0.9649228837749522,10,1,0.9650047134925825,0.965,30000
0.9686666666666667,95,0.9651587703714631,0.9686081288031289,10,3,0.9687489310465364,0.9686666666666667,30000
0.9706666666666667,95,0.9673821346020695,0.9706108029269762,10,5,0.9707982901541384,0.9706666666666667,30000
0.9703333333333334,95,0.9670114403583522,0.9702770383976481,10,7,0.9704587753670995,0.9703333333333334,30000
0.9683333333333334,95,0.9647858696691676,0.9682819897067872,10,9,0.968514619588283,0.9683333333333334,30000
0.966,95,0.9621911863207218,0.9659115221686337,10,11,0.9661712259404811,0.966,30000
0.9646666666666667,105,0.9607103179153043,0.96459535100907,10,1,0.9647283596436357,0.9646666666666667,30000
0.9686666666666667,105,0.965158955470427,0.9686120006502943,10,3,0.9687717580244926,0.9686666666666667,30000
0.97,105,0.966640357852588,0.969941883360316,10,5,0.9701759255824751,0.97,30000
0.9696666666666667,105,0.9662701869224696,0.9695972469750082,10,7,0.9697205313897593,0.9696666666666667,30000
0.968,105,0.9644150231370308,0.9679387642517604,10,9,0.9681651509319668,0.968,30000
0.966,105,0.9621916207735545,0.9659143404584064,10,11,0.9662049515033136,0.966,30000
0.9646666666666667,25,0.9607159724038353,0.964624222087276,10,1,0.9646841368111897,0.9646666666666667,30000
0.9656666666666667,25,0.9618286427241255,0.9656782362488435,10,3,0.9658054507201064,0.9656666666666667,30000
0.967,25,0.9633110028696479,0.9670069390163059,10,5,0.9671675431181525,0.967,30000
0.9663333333333334,25,0.9625702179006266,0.9663373733893392,10,7,0.966470681222585,0.9663333333333334,30000
0.9663333333333334,25,0.9625693255004808,0.9663250271626311,10,9,0.9664358175567622,0.9663333333333334,30000
0.962,25,0.9577517977413024,0.9619872697764221,10,11,0.9621214489342738,0.962,30000
0.9666666666666667,35,0.9629386946711773,0.96663729650193,10,1,0.966650178729025,0.9666666666666667,30000
0.9706666666666667,35,0.967387106888016,0.9706925480024836,10,3,0.9709687952441746,0.9706666666666667,30000
0.9696666666666667,35,0.9662750662423172,0.9696719880130671,10,5,0.9699025850222809,0.9696666666666667,30000
0.9676666666666667,35,0.9640514753225113,0.9676557797893431,10,7,0.9677885763692592,0.9676666666666667,30000
0.9656666666666667,35,0.9618271714687632,0.9656472218060101,10,9,0.9658530556329284,0.9656666666666667,30000
0.9643333333333334,35,0.9603436341464289,0.9643217637227769,10,11,0.9645575555503101,0.9643333333333334,30000
0.9703333333333334,45,0.9670157153438939,0.970326327960488,10,1,0.9703793184343091,0.9703333333333334,30000
0.9686666666666667,45,0.9651630787932095,0.968699016529229,10,3,0.9689568605282257,0.9686666666666667,30000
0.9676666666666667,45,0.9640508136190342,0.9676840624371065,10,5,0.9678088066007718,0.9676666666666667,30000
0.9676666666666667,45,0.9640512443952061,0.9676627738586271,10,7,0.9678160503623934,0.9676666666666667,30000
0.964,45,0.9599735133372207,0.9639874897108873,10,9,0.9641829450112858,0.964,30000
0.9636666666666667,45,0.9596022988392147,0.9636619733243558,10,11,0.9639729572009734,0.9636666666666667,30000
0.971,55,0.9677558716742992,0.9709837994727257,10,1,0.9710786135685138,0.971,30000
0.97,55,0.9666452990687491,0.970006650149798,10,3,0.9701801970777715,0.97,30000
0.9676666666666667,55,0.9640502851269482,0.9676795560954013,10,5,0.9678502886510986,0.9676666666666667,30000
0.9656666666666667,55,0.9618276996247626,0.9656658286310156,10,7,0.9658709670749378,0.9656666666666667,30000
0.965,55,0.9610854755676085,0.9649988271391288,10,9,0.9653119618358721,0.965,30000
0.964,55,0.9599726578661696,0.9640166387124517,10,11,0.9644092677571209,0.964,30000
0.9683333333333334,65,0.9647905333233512,0.9683191224513157,10,1,0.9684132415653912,0.9683333333333334,30000
0.968,65,0.9644215732261467,0.9680278421110259,10,3,0.9683008359724427,0.968,30000
0.9676666666666667,65,0.964050951290892,0.9676789034976347,10,5,0.9678533570548105,0.9676666666666667,30000
0.9663333333333334,65,0.9625685209167228,0.9663343594806556,10,7,0.9666393023155091,0.9663333333333334,30000
0.9656666666666667,65,0.9618258557308903,0.9656899066300213,10,9,0.9660823035627741,0.9656666666666667,30000
0.9626666666666667,65,0.9584898714050808,0.9626772338608364,10,11,0.9630319074174392,0.9626666666666667,30000
0.968,75,0.9644207820682719,0.9680009699919014,10,1,0.9681449390757056,0.968,30000
0.968,75,0.9644217622197658,0.9680183455878546,10,3,0.9683037655462872,0.968,30000
0.967,75,0.963308899778445,0.9669943245762688,10,5,0.9671856317155195,0.967,30000
0.9633333333333334,75,0.9592319799174263,0.9633214650798723,10,7,0.9636422927624849,0.9633333333333334,30000
0.9633333333333334,75,0.9592318892609631,0.963363173259795,10,9,0.963900472237659,0.9633333333333334,30000
0.962,75,0.9577484572936354,0.9619865552337837,10,11,0.9624319096672476,0.962,30000
0.9673333333333334,85,0.9636793419586248,0.9673161797337553,10,1,0.9674305218694732,0.9673333333333334,30000
0.9663333333333334,85,0.9625689278369696,0.9663704823328845,10,3,0.9668297797268912,0.9663333333333334,30000
0.965,85,0.9610840621320745,0.9649959269885707,10,5,0.9651953620708208,0.965,30000
0.9643333333333334,85,0.9603425612034118,0.9643221706240093,10,7,0.964723524849658,0.9643333333333334,30000
0.9623333333333334,85,0.9581193487373416,0.9623437049887892,10,9,0.962887798453124,0.9623333333333334,30000
0.9616666666666667,85,0.9573777560068023,0.9616758546313795,10,11,0.9622379598097268,0.9616666666666667,30000
0.9666666666666667,95,0.9629383375472443,0.966656615922333,10,1,0.9668119845740714,0.9666666666666667,30000
0.967,95,0.9633103048876603,0.9670311413060186,10,3,0.9674150889683839,0.967,30000
0.9636666666666667,95,0.9596008414885274,0.963641929124145,10,5,0.963903635593593,0.9636666666666667,30000
0.9623333333333334,95,0.9581181535072216,0.9623184980766769,10,7,0.9627969065535619,0.9623333333333334,30000
0.9613333333333334,95,0.9570066444501385,0.961320862360837,10,9,0.961840084961691,0.9613333333333334,30000
0.9596666666666667,95,0.9551532609509437,0.9596688563156143,10,11,0.9602937137165669,0.9596666666666667,30000
0.9676666666666667,105,0.9640503028916405,0.9676510584426556,10,1,0.9677899639332701,0.9676666666666667,30000
0.9663333333333334,105,0.9625684977959886,0.9663571056430078,10,3,0.9667435445295619,0.9663333333333334,30000
0.9626666666666667,105,0.9584885739181981,0.9626425203100188,10,5,0.9629503653124237,0.9626666666666667,30000
0.9603333333333334,105,0.9558947146301555,0.9603114839635157,10,7,0.9608957130246049,0.9603333333333334,30000
0.9596666666666667,105,0.9551524076856172,0.9596406563660624,10,9,0.9602140337693245,0.9596666666666667,30000
0.9616666666666667,105,0.9573761604494752,0.961659064491673,10,11,0.9621655836775408,0.9616666666666667,30000
0.9626666666666667,25,0.9584940863955475,0.9627608934742853,10,1,0.9629198079699178,0.9626666666666667,30000
0.9673333333333334,25,0.9636842456328453,0.9673272776271808,10,3,0.9673718527421062,0.9673333333333334,30000
0.964,25,0.9599783438371652,0.9639679639128279,10,5,0.9640324883361718,0.964,30000
0.9623333333333334,25,0.9581257531805899,0.9622925156188661,10,7,0.9623913756153439,0.9623333333333334,30000
0.9603333333333334,25,0.9559038887582337,0.9603223772209867,10,9,0.9605818370041282,0.9603333333333334,30000
0.9556666666666667,25,0.9507156970134454,0.9556561577927211,10,11,0.9558660363525331,0.9556666666666667,30000
0.968,35,0.9644240168027345,0.9680417539498621,10,1,0.968159797917337,0.968,30000
0.9686666666666667,35,0.9651665643485963,0.9686980413141298,10,3,0.9688109401316275,0.9686666666666667,30000
0.967,35,0.9633139214157022,0.9670089312086478,10,5,0.9671763266688155,0.967,30000
0.965,35,0.9610912388216055,0.9649703966746126,10,7,0.9651002070622213,0.965,30000
0.9626666666666667,35,0.9584971163524697,0.9626492043539151,10,9,0.9628073160396213,0.9626666666666667,30000
0.9626666666666667,35,0.958496972811194,0.9626617833480126,10,11,0.9628594329584871,0.9626666666666667,30000
0.9673333333333334,45,0.9636817917180402,0.9673674227325795,10,1,0.9674986583350431,0.9673333333333334,30000
0.967,45,0.9633140981450398,0.9670279215391553,10,3,0.9672833919325725,0.967,30000
0.9643333333333334,45,0.9603487335064319,0.9643225535571786,10,5,0.964523698636483,0.9643333333333334,30000
0.9636666666666667,45,0.9596086760069854,0.9636372245612065,10,7,0.9639129520165725,0.9636666666666667,30000
0.9623333333333334,45,0.9581267514350852,0.9623194769664001,10,9,0.9626106269200275,0.9623333333333334,30000
0.96,45,0.9555324269277341,0.9599959869325358,10,11,0.9603972317661867,0.96,30000
0.9686666666666667,55,0.9651650798454664,0.96867754025272,10,1,0.9688141836438237,0.9686666666666667,30000
0.9673333333333334,55,0.963684164887726,0.967360480734531,10,3,0.9675665176205791,0.9673333333333334,30000
0.9663333333333334,55,0.962571896237438,0.9663672904120286,10,5,0.9666510844298867,0.9663333333333334,30000
0.9616666666666667,55,0.9573853740674808,0.9616565329640616,10,7,0.962025894544512,0.9616666666666667,30000
0.9603333333333334,55,0.955902510703523,0.9603148699377142,10,9,0.960695831494091,0.9603333333333334,30000
0.9626666666666667,55,0.9584970548349017,0.9626262672583671,10,11,0.9630602862630817,0.9626666666666667,30000
0.9676666666666667,65,0.9640537089469577,0.9676398023223283,10,1,0.9677361266387012,0.9676666666666667,30000
0.9673333333333334,65,0.9636828415137733,0.9673600454786836,10,3,0.9675048242565449,0.9673333333333334,30000
0.9653333333333334,65,0.9614602798774239,0.9653552617288523,10,5,0.9656523730328733,0.9653333333333334,30000
0.963,65,0.9588664482512126,0.9630202197143829,10,7,0.9633880870660817,0.963,30000
0.9596666666666667,65,0.9551603406924726,0.9596556990013061,10,9,0.9601147658146526,0.9596666666666667,30000
0.959,65,0.9544202308954992,0.9589934148979872,10,11,0.9595151007552976,0.959,30000
0.9683333333333334,75,0.9647946347517472,0.9683278080231462,10,1,0.9684683050519278,0.9683333333333334,30000
0.9656666666666667,75,0.9618296376434384,0.9656795085769985,10,3,0.9658411701373002,0.9656666666666667,30000
0.967,75,0.9633128927265278,0.9670276609192392,10,5,0.967297573350097,0.967,30000
0.9633333333333334,75,0.9592362302456301,0.963352710536175,10,7,0.9637017958481774,0.9633333333333334,30000
0.961,75,0.9566417222747902,0.9610022030527877,10,9,0.9614218582751034,0.961,30000
0.9596666666666667,75,0.955161531509153,0.9596450303831724,10,11,0.960127816535108,0.9596666666666667,30000
0.9663333333333334,85,0.9625704768274193,0.9663137730778493,10,1,0.9664639006603214,0.9663333333333334,30000
0.9643333333333334,85,0.9603477196171195,0.9643692476346389,10,3,0.9646953413267145,0.9643333333333334,30000
0.9653333333333334,85,0.961459289645297,0.9653367741616802,10,5,0.9656827473028223,0.9653333333333334,30000
0.9613333333333334,85,0.957013176696596,0.9613258128116213,10,7,0.9616840877846916,0.9613333333333334,30000
0.9596666666666667,85,0.9551604570075868,0.9596524338983294,10,9,0.9600914006761897,0.9596666666666667,30000
0.9566666666666667,85,0.9518261769884023,0.956633692965471,10,11,0.9571562777264048,0.9566666666666667,30000
0.9656666666666667,95,0.9618292604289501,0.9656573408777864,10,1,0.9658519205612338,0.9656666666666667,30000
0.965,95,0.961087965656609,0.965011871041733,10,3,0.965249903625032,0.965,30000
0.964,95,0.9599763316825629,0.9640334909004811,10,5,0.9643674787768389,0.964,30000
0.962,95,0.9577534521111909,0.96200487601466,10,7,0.9623281158393453,0.962,30000
0.9593333333333334,95,0.9547890222310778,0.9593134231971715,10,9,0.959724163399846,0.9593333333333334,30000
0.957,95,0.9521953099522694,0.956985632305568,10,11,0.957466895187479,0.957,30000
0.9653333333333334,105,0.961459065883874,0.9653253733786316,10,1,0.965541074212624,0.9653333333333334,30000
0.9656666666666667,105,0.9618297319458956,0.965690029420621,10,3,0.9659365591827116,0.9656666666666667,30000
0.9643333333333334,105,0.9603477441078107,0.9643555507294318,10,5,0.9646701954623667,0.9643333333333334,30000
0.9626666666666667,105,0.9584948452080075,0.9626686469681851,10,7,0.9629984291184581,0.9626666666666667,30000
0.9563333333333334,105,0.9514552973078936,0.9563167455323823,10,9,0.9568064190899943,0.9563333333333334,30000
0.9556666666666667,105,0.9507134749483016,0.95559426814542,10,11,0.9560476419582363,0.9556666666666667,30000
0.9646666666666667,25,0.9607316411469671,0.9646857858624307,10,1,0.9648920990986878,0.9646666666666667,30000
0.9663333333333334,25,0.962584287228202,0.9663588472458834,10,3,0.9667029380649044,0.9663333333333334,30000
0.9636666666666667,25,0.9596199334284591,0.9636667822863437,10,5,0.9639458120244744,0.9636666666666667,30000
0.9606666666666667,25,0.9562858858609662,0.9606762087132309,10,7,0.960964549043112,0.9606666666666667,30000
0.961,25,0.956656381921735,0.9609811311279631,10,9,0.9611806534313933,0.961,30000
0.9613333333333334,25,0.9570274557512453,0.9613029649728563,10,11,0.9614678028373992,0.9613333333333334,30000
0.9693333333333334,35,0.9659175483751623,0.9693912672342746,10,1,0.9696462152627837,0.9693333333333334,30000
0.9676666666666667,35,0.9640667809614692,0.9677272884319779,10,3,0.9681186025398804,0.9676666666666667,30000
0.9686666666666667,35,0.9651773694392148,0.9686588857128576,10,5,0.9689070735740485,0.9686666666666667,30000
0.966,35,0.9622136993121782,0.9659892453742036,10,7,0.9661767180161093,0.966,30000
0.9643333333333334,35,0.9603612387742657,0.9643233858537529,10,9,0.9645338140348423,0.9643333333333334,30000
0.9646666666666667,35,0.9607313356532305,0.9646559046024044,10,11,0.9648513639359576,0.9646666666666667,30000
0.97,45,0.9666588500192823,0.9700381930506664,10,1,0.9702792404823339,0.97,30000
0.9663333333333334,45,0.9625846799452773,0.9663789744960607,10,3,0.9667639870555963,0.9663333333333334,30000
0.967,45,0.9633246263279541,0.9670083965893616,10,5,0.9672185172456818,0.967,30000
0.963,45,0.9588790553988034,0.9630201070123309,10,7,0.9633515421639709,0.963,30000
0.965,45,0.96110173710998,0.9649788497585907,10,9,0.9651521341320632,0.965,30000
0.9636666666666667,45,0.9596198486596383,0.9636638099831462,10,11,0.9638715324091819,0.9636666666666667,30000
0.9666666666666667,55,0.9629541085375467,0.9667248838512498,10,1,0.9670309261092291,0.9666666666666667,30000
0.9653333333333334,55,0.961473034087474,0.9653489843571367,10,3,0.9656214286221464,0.9653333333333334,30000
0.967,55,0.963324825598432,0.9670261668999341,10,5,0.9672824523734493,0.967,30000
0.965,55,0.9611023567402885,0.9650323047143295,10,7,0.9653974525606592,0.965,30000
0.9626666666666667,55,0.9585077407761226,0.9626801928190221,10,9,0.9629908914699585,0.9626666666666667,30000
0.9613333333333334,55,0.9570258000795764,0.9613563720773298,10,11,0.9617101583781569,0.9613333333333334,30000
0.968,65,0.9644360979039649,0.9680331809317433,10,1,0.9683138625549019,0.968,30000
0.9643333333333334,65,0.9603621785539382,0.9643615388874356,10,3,0.96476802945921,0.9643333333333334,30000
0.9646666666666667,65,0.960731296860035,0.9646924707492879,10,5,0.964975260944743,0.9646666666666667,30000
0.964,65,0.9599908324672912,0.9640235883476397,10,7,0.9644047468419182,0.964,30000
0.964,65,0.9599893107244948,0.9639941771163768,10,9,0.9642450737129773,0.964,30000
0.9616666666666667,65,0.9573960989645399,0.9616904641910061,10,11,0.9620846642841716,0.9616666666666667,30000
0.9663333333333334,75,0.962583011995911,0.9663685933403501,10,1,0.9666719516580483,0.9663333333333334,30000
0.9646666666666667,75,0.9607321599905164,0.9646923147965215,10,3,0.9650009811599755,0.9646666666666667,30000
0.965,75,0.9611019964925115,0.9650251103053131,10,5,0.9653215053349056,0.965,30000
0.964,75,0.9599906002607773,0.9640106919970342,10,7,0.964306217748714,0.964,30000
0.964,75,0.9599899184473519,0.9640072659166912,10,9,0.9642805841082256,0.964,30000
0.9643333333333334,75,0.9603600737771886,0.9643719177953396,10,11,0.964779903678085,0.9643333333333334,30000
0.9663333333333334,85,0.9625833631555043,0.9663852985990117,10,1,0.966762971835819,0.9663333333333334,30000
0.9643333333333334,85,0.9603611849313723,0.964361571454411,10,3,0.9646600837814274,0.9643333333333334,30000
0.9656666666666667,85,0.9618419071933438,0.9656828901342881,10,5,0.9659172144504007,0.9656666666666667,30000
0.9636666666666667,85,0.9596196342427972,0.9636750318375413,10,7,0.9639940519299519,0.9636666666666667,30000
0.9643333333333334,85,0.9603600688820983,0.9643474621189686,10,9,0.9647196959805837,0.9643333333333334,30000
0.9633333333333334,85,0.9592487796553113,0.9633654274548517,10,11,0.9638516773419236,0.9633333333333334,30000
0.9653333333333334,95,0.9614722586061034,0.9653862674636355,10,1,0.9657537216177571,0.9653333333333334,30000
0.9663333333333334,95,0.9625842225445989,0.9663649515581852,10,3,0.9666481108261192,0.9663333333333334,30000
0.9663333333333334,95,0.9625836311412856,0.9663545802074044,10,5,0.9666506910266605,0.9663333333333334,30000
0.9643333333333334,95,0.9603610038223847,0.964332989718179,10,7,0.9646827177014105,0.9643333333333334,30000
0.9633333333333334,95,0.959248412293445,0.9633558486864667,10,9,0.9638380210275176,0.9633333333333334,30000
0.9616666666666667,95,0.9573964461967746,0.961703603613903,10,11,0.962221413089396,0.9616666666666667,30000
0.9653333333333334,105,0.9614724489111707,0.9653846285895313,10,1,0.9657524883995539,0.9653333333333334,30000
0.967,105,0.9633252105466321,0.9670497131483885,10,3,0.9674219176925869,0.967,30000
0.9663333333333334,105,0.9625833677759813,0.9663562539661048,10,5,0.9666655574079297,0.9663333333333334,30000
0.9643333333333334,105,0.9603604115354907,0.9643417935229847,10,7,0.9646244974584368,0.9643333333333334,30000
0.962,105,0.9577665311614463,0.9620512078837807,10,9,0.9626061153602441,0.962,30000
0.9606666666666667,105,0.9562837265184027,0.9606641814632626,10,11,0.9611348608501509,0.9606666666666667,30000
0.9643333333333334,25,0.9603530040071874,0.9642323777704694,10,1,0.9643277994528509,0.9643333333333334,30000
0.9656666666666667,25,0.9618344983280669,0.9656410180170124,10,3,0.9658632092410024,0.9656666666666667,30000
0.961,25,0.9566463921646321,0.9609595714486823,10,5,0.9611931372226875,0.961,30000
0.96,25,0.9555352829382582,0.9599578243538898,10,7,0.9602133697189253,0.96,30000
0.9596666666666667,25,0.9551633868416521,0.9596081407366794,10,9,0.9599382937635681,0.9596666666666667,30000
0.9586666666666667,25,0.9540520360691517,0.9586220895069094,10,11,0.9589399835069068,0.9586666666666667,30000
0.967,35,0.9633187785869604,0.9669014756734696,10,1,0.9669091281459448,0.967,30000
0.9683333333333334,35,0.9647985308759497,0.9683126572977814,10,3,0.9684917256822214,0.9683333333333334,30000
0.9673333333333334,35,0.9636862551734735,0.9672745729247467,10,5,0.9675461061952992,0.9673333333333334,30000
0.964,35,0.9599798367547897,0.9639712739615206,10,7,0.9643853739773837,0.964,30000
0.965,35,0.9610908975922307,0.9650062714420035,10,9,0.9654766565069764,0.965,30000
0.963,35,0.9588668344026927,0.9629870489520971,10,11,0.9635174516000049,0.963,30000
0.9656666666666667,45,0.9618345030420001,0.9655735282162187,10,1,0.965667432457181,0.9656666666666667,30000
0.9663333333333334,45,0.9625743695448747,0.9662808950121499,10,3,0.9665786276947396,0.9663333333333334,30000
0.9643333333333334,45,0.9603503987193549,0.9642614485306668,10,5,0.9646153763019635,0.9643333333333334,30000
0.9633333333333334,45,0.9592380529821317,0.9632531301827809,10,7,0.9636798203537352,0.9633333333333334,30000
0.962,45,0.9577549237130507,0.9619205193896517,10,9,0.9624818061265399,0.962,30000
0.9623333333333334,45,0.958126089385606,0.9622688992587409,10,11,0.9627767270874654,0.9623333333333334,30000
0.9663333333333334,55,0.9625766252860479,0.9662359281854712,10,1,0.9663230887699796,0.9663333333333334,30000
0.9646666666666667,55,0.9607208781131792,0.9645599022913064,10,3,0.9648173543770863,0.9646666666666667,30000
0.9616666666666667,55,0.9573859899216013,0.9615820299073575,10,5,0.9618878944758656,0.9616666666666667,30000
0.9633333333333334,55,0.959237806267669,0.963244235590421,10,7,0.9637312114930496,0.9633333333333334,30000
0.964,55,0.9599794857808596,0.9639247702911359,10,9,0.9643560389011798,0.964,30000
0.963,55,0.9588679420075038,0.9629444893603543,10,11,0.9634293178690486,0.963,30000
0.9666666666666667,65,0.9629469203518116,0.9665612687646741,10,1,0.9667195103467202,0.9666666666666667,30000
0.9663333333333334,65,0.9625737685843472,0.9662204081405293,10,3,0.9664751657922848,0.9663333333333334,30000
0.9646666666666667,65,0.9607204171936369,0.964589280586332,10,5,0.9649775983659451,0.9646666666666667,30000
0.964,65,0.9599790408754807,0.9638927840114787,10,7,0.9644494382905041,0.964,30000
0.963,65,0.958867881039983,0.9628898693738835,10,9,0.9633635714322886,0.963,30000
0.9626666666666667,65,0.9584965934473285,0.9625630878922664,10,11,0.9631150235938888,0.9626666666666667,30000
0.9663333333333334,75,0.9625763571999013,0.9662324160468341,10,1,0.9664026267718426,0.9663333333333334,30000
0.964,75,0.9599792633294066,0.9638893074167871,10,3,0.9641793341244881,0.964,30000
0.9643333333333334,75,0.960350849282338,0.9641981929167122,10,5,0.9644659593636311,0.9643333333333334,30000
0.9616666666666667,75,0.9573854003863971,0.9615190077551566,10,7,0.9619779690988163,0.9616666666666667,30000
0.961,75,0.9566441162545408,0.9608704829099132,10,9,0.9613572452250495,0.961,30000
0.9606666666666667,75,0.9562722082213684,0.9606048675659897,10,11,0.9613949261766449,0.9606666666666667,30000
0.9656666666666667,85,0.961835087560684,0.9655512669164183,10,1,0.9657295823304555,0.9656666666666667,30000
0.9626666666666667,85,0.9584966600928341,0.9625566079336955,10,3,0.962870117191029,0.9626666666666667,30000
0.9623333333333334,85,0.958127278990776,0.962188240858325,10,5,0.9624669872950591,0.9623333333333334,30000
0.9616666666666667,85,0.9573848213627296,0.961518029132497,10,7,0.9620657124498847,0.9616666666666667,30000
0.9626666666666667,85,0.9584971163524697,0.9625570798798493,10,9,0.963039598751486,0.9626666666666667,30000
0.9603333333333334,85,0.9559022873742937,0.9602569306037284,10,11,0.9609641706354559,0.9603333333333334,30000
0.966,95,0.962205630027207,0.9658910104074844,10,1,0.9660722258843334,0.966,30000
0.962,95,0.9577556490393672,0.9618770763568202,10,3,0.9621813214225667,0.962,30000
0.9636666666666667,95,0.9596089304531248,0.9635466480000646,10,5,0.963832555524902,0.9636666666666667,30000
0.9603333333333334,95,0.9559030499525804,0.9601903866716017,10,7,0.9607416921113827,0.9603333333333334,30000
0.9613333333333334,95,0.957014392643631,0.9612005870141317,10,9,0.9616907349452493,0.9613333333333334,30000
0.9603333333333334,95,0.9559024725743025,0.9602622385855352,10,11,0.9609369357273254,0.9603333333333334,30000
0.965,105,0.9610944441631168,0.9649003201686149,10,1,0.9650361084974014,0.965,30000
0.9623333333333334,105,0.9581262497276354,0.9622052240507534,10,3,0.9624966902316725,0.9623333333333334,30000
0.9633333333333334,105,0.9592387679337069,0.9632109832998639,10,5,0.9635122382877592,0.9633333333333334,30000
0.9586666666666667,105,0.9540501461131241,0.9585093876621817,10,7,0.9589959443944267,0.9586666666666667,30000
0.9603333333333334,105,0.9559024725743025,0.9602100560171548,10,9,0.9607560031201862,0.9603333333333334,30000
0.9603333333333334,105,0.955901965994116,0.9602624585698731,10,11,0.9610107066271485,0.9603333333333334,30000
