Alpha,K,Accuracy
1,1,0.2569047619047619
1,2,0.24202380952380953
1,4,0.2763095238095238
1,6,0.27773809523809523
1,8,0.28154761904761905
1,10,0.28285714285714286
1,12,0.285
1,14,0.28904761904761905
1,16,0.2872619047619048
1,18,0.2866666666666667
1,20,0.2922619047619048
1,22,0.2926190476190476
1,24,0.29333333333333333
1,26,0.29392857142857143
1,28,0.29714285714285715
1,30,0.29595238095238097
1,32,0.29714285714285715
1,34,0.29773809523809525
1,36,0.2963095238095238
1,38,0.2953571428571429
1,40,0.2966666666666667
1,42,0.2945238095238095
1,44,0.2932142857142857
1,46,0.29285714285714287
1,48,0.2945238095238095
1,50,0.2969047619047619
1,52,0.29583333333333334
1,54,0.2947619047619048
1,56,0.29678571428571426
1,58,0.29428571428571426
1,60,0.29488095238095235
1,62,0.2972619047619048
1,64,0.2960714285714286
1,66,0.2954761904761905
1,68,0.29523809523809524
1,70,0.2980952380952381
1,72,0.2980952380952381
1,74,0.29619047619047617
1,76,0.2985714285714286
1,78,0.2976190476190476
1,80,0.30023809523809525
1,82,0.30023809523809525
1,84,0.30142857142857143
1,86,0.3005952380952381
1,88,0.3003571428571429
1,90,0.3020238095238095
1,92,0.3007142857142857
1,94,0.3013095238095238
1,96,0.3019047619047619
1,98,0.30083333333333334
1,100,0.3003571428571429
1,102,0.3003571428571429
1,104,0.30214285714285716
1,106,0.3032142857142857
1,108,0.30428571428571427
1,110,0.3019047619047619
1,112,0.30297619047619045
1,114,0.30333333333333334
1,116,0.303452380952381
1,118,0.3022619047619048
1,120,0.30452380952380953
1,122,0.30357142857142855
1,124,0.3044047619047619
1,126,0.3032142857142857
1,128,0.3036904761904762
1,130,0.3036904761904762
1,132,0.3036904761904762
1,134,0.30452380952380953
1,136,0.3028571428571429
1,138,0.30428571428571427
1,140,0.3030952380952381
1,142,0.305
1,144,0.30404761904761907
1,146,0.3055952380952381
1,148,0.3055952380952381
1,150,0.3055952380952381
5,1,0.6867857142857143
5,2,0.6880952380952381
5,4,0.7259523809523809
5,6,0.7383333333333333
5,8,0.7409523809523809
5,10,0.7483333333333333
5,12,0.7529761904761905
5,14,0.7545238095238095
5,16,0.7553571428571428
5,18,0.7558333333333334
5,20,0.7569047619047619
5,22,0.7572619047619048
5,24,0.7570238095238095
5,26,0.7570238095238095
5,28,0.7571428571428571
5,30,0.7569047619047619
5,32,0.7546428571428572
5,34,0.7560714285714286
5,36,0.756547619047619
5,38,0.7552380952380953
5,40,0.753452380952381
5,42,0.7544047619047619
5,44,0.7542857142857143
5,46,0.7546428571428572
5,48,0.7547619047619047
5,50,0.7547619047619047
5,52,0.7551190476190476
5,54,0.7538095238095238
5,56,0.7527380952380952
5,58,0.7535714285714286
5,60,0.7542857142857143
5,62,0.7519047619047619
5,64,0.7520238095238095
5,66,0.7511904761904762
5,68,0.7516666666666667
5,70,0.7526190476190476
5,72,0.7536904761904762
5,74,0.7529761904761905
5,76,0.7507142857142857
5,78,0.7513095238095238
5,80,0.7513095238095238
5,82,0.7509523809523809
5,84,0.7496428571428572
5,86,0.7501190476190476
5,88,0.7489285714285714
5,90,0.7490476190476191
5,92,0.7496428571428572
5,94,0.7491666666666666
5,96,0.7488095238095238
5,98,0.748452380952381
5,100,0.7483333333333333
5,102,0.7477380952380952
5,104,0.7473809523809524
5,106,0.7470238095238095
5,108,0.7472619047619048
5,110,0.7466666666666667
5,112,0.7467857142857143
5,114,0.7466666666666667
5,116,0.746547619047619
5,118,0.7458333333333333
5,120,0.7454761904761905
5,122,0.7458333333333333
5,124,0.7448809523809524
5,126,0.7458333333333333
5,128,0.7453571428571428
5,130,0.7455952380952381
5,132,0.7446428571428572
5,134,0.7453571428571428
5,136,0.7439285714285714
5,138,0.7439285714285714
5,140,0.7430952380952381
5,142,0.7428571428571429
5,144,0.7433333333333333
5,146,0.7422619047619048
5,148,0.7428571428571429
5,150,0.7426190476190476
10,1,0.9078571428571428
10,2,0.9019047619047619
10,4,0.9204761904761904
10,6,0.9221428571428572
10,8,0.9228571428571428
10,10,0.9236904761904762
10,12,0.9228571428571428
10,14,0.9215476190476191
10,16,0.9211904761904762
10,18,0.9195238095238095
10,20,0.9183333333333333
10,22,0.9180952380952381
10,24,0.9175
10,26,0.9170238095238096
10,28,0.9153571428571429
10,30,0.9152380952380952
10,32,0.9142857142857143
10,34,0.9138095238095238
10,36,0.9134523809523809
10,38,0.9129761904761905
10,40,0.9132142857142858
10,42,0.9134523809523809
10,44,0.9127380952380952
10,46,0.9117857142857143
10,48,0.9113095238095238
10,50,0.9105952380952381
10,52,0.9104761904761904
10,54,0.9097619047619048
10,56,0.9098809523809523
10,58,0.9102380952380953
10,60,0.9097619047619048
10,62,0.9098809523809523
10,64,0.9077380952380952
10,66,0.9084523809523809
10,68,0.9077380952380952
10,70,0.9077380952380952
10,72,0.9064285714285715
10,74,0.905952380952381
10,76,0.906547619047619
10,78,0.906547619047619
10,80,0.906547619047619
10,82,0.9048809523809523
10,84,0.9046428571428572
10,86,0.9045238095238095
10,88,0.9041666666666667
10,90,0.905
10,92,0.9044047619047619
10,94,0.9044047619047619
10,96,0.9036904761904762
10,98,0.9025
10,100,0.901547619047619
10,102,0.9023809523809524
10,104,0.9019047619047619
10,106,0.9016666666666666
10,108,0.9014285714285715
10,110,0.901547619047619
10,112,0.9011904761904762
10,114,0.900952380952381
10,116,0.9002380952380953
10,118,0.8994047619047619
10,120,0.8994047619047619
10,122,0.8986904761904762
10,124,0.8989285714285714
10,126,0.8986904761904762
10,128,0.8983333333333333
10,130,0.8983333333333333
10,132,0.8979761904761905
10,134,0.8977380952380952
10,136,0.8975
10,138,0.8970238095238096
10,140,0.8964285714285715
10,142,0.8960714285714285
10,144,0.8963095238095238
10,146,0.8957142857142857
10,148,0.8961904761904762
10,150,0.8954761904761904
15,1,0.9494047619047619
15,2,0.9420238095238095
15,4,0.954047619047619
15,6,0.9529761904761904
15,8,0.9517857142857142
15,10,0.9513095238095238
15,12,0.9521428571428572
15,14,0.9513095238095238
15,16,0.9495238095238095
15,18,0.9501190476190476
15,20,0.9485714285714286
15,22,0.9482142857142857
15,24,0.9465476190476191
15,26,0.9471428571428572
15,28,0.9451190476190476
15,30,0.945
15,32,0.9441666666666667
15,34,0.9436904761904762
15,36,0.9439285714285715
15,38,0.9422619047619047
15,40,0.9415476190476191
15,42,0.9413095238095238
15,44,0.9403571428571429
15,46,0.9404761904761905
15,48,0.94
15,50,0.9391666666666667
15,52,0.9388095238095238
15,54,0.9382142857142857
15,56,0.9375
15,58,0.9377380952380953
15,60,0.9369047619047619
15,62,0.9364285714285714
15,64,0.9353571428571429
15,66,0.9354761904761905
15,68,0.9351190476190476
15,70,0.9346428571428571
15,72,0.9338095238095238
15,74,0.9335714285714286
15,76,0.9333333333333333
15,78,0.9327380952380953
15,80,0.9323809523809524
15,82,0.9320238095238095
15,84,0.9308333333333333
15,86,0.9303571428571429
15,88,0.9297619047619048
15,90,0.929404761904762
15,92,0.9295238095238095
15,94,0.9286904761904762
15,96,0.9285714285714286
15,98,0.9285714285714286
15,100,0.9284523809523809
15,102,0.9282142857142858
15,104,0.9279761904761905
15,106,0.9277380952380953
15,108,0.9279761904761905
15,110,0.9273809523809524
15,112,0.9276190476190476
15,114,0.9269047619047619
15,116,0.9261904761904762
15,118,0.9255952380952381
15,120,0.9260714285714285
15,122,0.9263095238095238
15,124,0.9258333333333333
15,126,0.9254761904761905
15,128,0.9253571428571429
15,130,0.9247619047619048
15,132,0.924047619047619
15,134,0.9232142857142858
15,136,0.9226190476190477
15,138,0.9229761904761905
15,140,0.9221428571428572
15,142,0.9222619047619047
15,144,0.9216666666666666
15,146,0.9219047619047619
15,148,0.9215476190476191
15,150,0.920952380952381
20,1,0.9627380952380953
20,2,0.955952380952381
20,4,0.9661904761904762
20,6,0.9655952380952381
20,8,0.9646428571428571
20,10,0.9638095238095238
20,12,0.9625
20,14,0.9628571428571429
20,16,0.9625
20,18,0.9603571428571429
20,20,0.9601190476190476
20,22,0.9591666666666666
20,24,0.9585714285714285
20,26,0.9577380952380953
20,28,0.958452380952381
20,30,0.9567857142857142
20,32,0.9551190476190476
20,34,0.9552380952380952
20,36,0.9541666666666667
20,38,0.9533333333333334
20,40,0.9526190476190476
20,42,0.9525
20,44,0.9517857142857142
20,46,0.9523809523809523
20,48,0.9517857142857142
20,50,0.9510714285714286
20,52,0.9507142857142857
20,54,0.9491666666666667
20,56,0.9484523809523809
20,58,0.9485714285714286
20,60,0.9486904761904762
20,62,0.9488095238095238
20,64,0.9472619047619047
20,66,0.9465476190476191
20,68,0.9464285714285714
20,70,0.9454761904761905
20,72,0.9454761904761905
20,74,0.9448809523809524
20,76,0.9442857142857143
20,78,0.9435714285714286
20,80,0.944047619047619
20,82,0.9433333333333334
20,84,0.9427380952380953
20,86,0.9426190476190476
20,88,0.9429761904761905
20,90,0.9427380952380953
20,92,0.9428571428571428
20,94,0.9426190476190476
20,96,0.9417857142857143
20,98,0.9411904761904762
20,100,0.940595238095238
20,102,0.9407142857142857
20,104,0.9410714285714286
20,106,0.940595238095238
20,108,0.9403571428571429
20,110,0.9396428571428571
20,112,0.9397619047619048
20,114,0.9391666666666667
20,116,0.9385714285714286
20,118,0.9383333333333334
20,120,0.9380952380952381
20,122,0.9379761904761905
20,124,0.9373809523809524
20,126,0.9378571428571428
20,128,0.9371428571428572
20,130,0.9367857142857143
20,132,0.9365476190476191
20,134,0.9358333333333333
20,136,0.9361904761904762
20,138,0.9357142857142857
20,140,0.9361904761904762
20,142,0.9353571428571429
20,144,0.934404761904762
20,146,0.9342857142857143
20,148,0.9341666666666667
20,150,0.9338095238095238
25,1,0.9651190476190477
25,2,0.9638095238095238
25,4,0.9703571428571428
25,6,0.9703571428571428
25,8,0.9694047619047619
25,10,0.9676190476190476
25,12,0.9660714285714286
25,14,0.9663095238095238
25,16,0.9652380952380952
25,18,0.9651190476190477
25,20,0.9648809523809524
25,22,0.9635714285714285
25,24,0.9620238095238095
25,26,0.9610714285714286
25,28,0.9604761904761905
25,30,0.9607142857142857
25,32,0.959047619047619
25,34,0.9570238095238095
25,36,0.9583333333333334
25,38,0.9567857142857142
25,40,0.9565476190476191
25,42,0.9566666666666667
25,44,0.955
25,46,0.9548809523809524
25,48,0.9542857142857143
25,50,0.9535714285714286
25,52,0.9538095238095238
25,54,0.9528571428571428
25,56,0.9523809523809523
25,58,0.9522619047619048
25,60,0.9516666666666667
25,62,0.9519047619047619
25,64,0.9511904761904761
25,66,0.9510714285714286
25,68,0.95
25,70,0.9504761904761905
25,72,0.9495238095238095
25,74,0.9492857142857143
25,76,0.9492857142857143
25,78,0.949047619047619
25,80,0.9489285714285715
25,82,0.9478571428571428
25,84,0.9479761904761905
25,86,0.9476190476190476
25,88,0.9472619047619047
25,90,0.9471428571428572
25,92,0.9461904761904761
25,94,0.9463095238095238
25,96,0.9454761904761905
25,98,0.945
25,100,0.9451190476190476
25,102,0.9447619047619048
25,104,0.9439285714285715
25,106,0.9438095238095238
25,108,0.9433333333333334
25,110,0.9430952380952381
25,112,0.9430952380952381
25,114,0.9430952380952381
25,116,0.9429761904761905
25,118,0.9421428571428572
25,120,0.9422619047619047
25,122,0.9414285714285714
25,124,0.9411904761904762
25,126,0.9411904761904762
25,128,0.9408333333333333
25,130,0.9408333333333333
25,132,0.940952380952381
25,134,0.9403571428571429
25,136,0.94
25,138,0.9398809523809524
25,140,0.9394047619047619
25,142,0.939047619047619
25,144,0.9386904761904762
25,146,0.9383333333333334
25,148,0.9380952380952381
25,150,0.9373809523809524
30,1,0.9682142857142857
30,2,0.9647619047619047
30,4,0.9716666666666667
30,6,0.9716666666666667
30,8,0.9713095238095238
30,10,0.9703571428571428
30,12,0.9696428571428571
30,14,0.9698809523809524
30,16,0.9686904761904762
30,18,0.9677380952380953
30,20,0.965952380952381
30,22,0.9647619047619047
30,24,0.9646428571428571
30,26,0.9639285714285715
30,28,0.9619047619047619
30,30,0.9607142857142857
30,32,0.9602380952380952
30,34,0.9596428571428571
30,36,0.9596428571428571
30,38,0.9594047619047619
30,40,0.9585714285714285
30,42,0.958452380952381
30,44,0.9577380952380953
30,46,0.9567857142857142
30,48,0.9560714285714286
30,50,0.9558333333333333
30,52,0.9557142857142857
30,54,0.9547619047619048
30,56,0.9541666666666667
30,58,0.9542857142857143
30,60,0.9546428571428571
30,62,0.9534523809523809
30,64,0.9536904761904762
30,66,0.9533333333333334
30,68,0.9526190476190476
30,70,0.9525
30,72,0.9523809523809523
30,74,0.9519047619047619
30,76,0.9516666666666667
30,78,0.9516666666666667
30,80,0.9501190476190476
30,82,0.9502380952380952
30,84,0.9498809523809524
30,86,0.9491666666666667
30,88,0.9495238095238095
30,90,0.9488095238095238
30,92,0.9492857142857143
30,94,0.9479761904761905
30,96,0.9488095238095238
30,98,0.9483333333333334
30,100,0.9472619047619047
30,102,0.9476190476190476
30,104,0.9469047619047619
30,106,0.9466666666666667
30,108,0.9463095238095238
30,110,0.9453571428571429
30,112,0.9453571428571429
30,114,0.9446428571428571
30,116,0.9448809523809524
30,118,0.9448809523809524
30,120,0.9445238095238095
30,122,0.9442857142857143
30,124,0.9445238095238095
30,126,0.944047619047619
30,128,0.9430952380952381
30,130,0.9427380952380953
30,132,0.9425
30,134,0.9420238095238095
30,136,0.9421428571428572
30,138,0.9417857142857143
30,140,0.9421428571428572
30,142,0.9416666666666667
30,144,0.9416666666666667
30,146,0.9414285714285714
30,148,0.9413095238095238
30,150,0.940952380952381
35,1,0.9704761904761905
35,2,0.9655952380952381
35,4,0.9721428571428572
35,6,0.9728571428571429
35,8,0.9726190476190476
35,10,0.9711904761904762
35,12,0.9689285714285715
35,14,0.9680952380952381
35,16,0.9685714285714285
35,18,0.9677380952380953
35,20,0.9670238095238095
35,22,0.9655952380952381
35,24,0.9652380952380952
35,26,0.9635714285714285
35,28,0.9628571428571429
35,30,0.9625
35,32,0.9615476190476191
35,34,0.9604761904761905
35,36,0.9607142857142857
35,38,0.9591666666666666
35,40,0.9592857142857143
35,42,0.9586904761904762
35,44,0.9586904761904762
35,46,0.9583333333333334
35,48,0.9578571428571429
35,50,0.9575
35,52,0.9579761904761904
35,54,0.9571428571428572
35,56,0.9570238095238095
35,58,0.9567857142857142
35,60,0.955952380952381
35,62,0.9553571428571429
35,64,0.9548809523809524
35,66,0.9546428571428571
35,68,0.9545238095238096
35,70,0.9539285714285715
35,72,0.9528571428571428
35,74,0.9530952380952381
35,76,0.9523809523809523
35,78,0.9519047619047619
35,80,0.9516666666666667
35,82,0.950595238095238
35,84,0.9503571428571429
35,86,0.9507142857142857
35,88,0.9503571428571429
35,90,0.9503571428571429
35,92,0.9504761904761905
35,94,0.9502380952380952
35,96,0.9496428571428571
35,98,0.9489285714285715
35,100,0.9483333333333334
35,102,0.9485714285714286
35,104,0.9479761904761905
35,106,0.9472619047619047
35,108,0.9463095238095238
35,110,0.945595238095238
35,112,0.9458333333333333
35,114,0.945595238095238
35,116,0.9453571428571429
35,118,0.945
35,120,0.9452380952380952
35,122,0.945
35,124,0.944047619047619
35,126,0.9436904761904762
35,128,0.944047619047619
35,130,0.9439285714285715
35,132,0.9435714285714286
35,134,0.9429761904761905
35,136,0.9430952380952381
35,138,0.9422619047619047
35,140,0.9425
35,142,0.9423809523809524
35,144,0.9419047619047619
35,146,0.9413095238095238
35,148,0.940952380952381
35,150,0.9404761904761905
40,1,0.9713095238095238
40,2,0.9667857142857142
40,4,0.9723809523809523
40,6,0.9729761904761904
40,8,0.9720238095238095
40,10,0.9703571428571428
40,12,0.9695238095238096
40,14,0.968452380952381
40,16,0.9673809523809523
40,18,0.9677380952380953
40,20,0.9654761904761905
40,22,0.965
40,24,0.9638095238095238
40,26,0.9627380952380953
40,28,0.9620238095238095
40,30,0.9617857142857142
40,32,0.9610714285714286
40,34,0.9604761904761905
40,36,0.9601190476190476
40,38,0.959047619047619
40,40,0.9576190476190476
40,42,0.9576190476190476
40,44,0.9567857142857142
40,46,0.9558333333333333
40,48,0.9547619047619048
40,50,0.9544047619047619
40,52,0.9546428571428571
40,54,0.9544047619047619
40,56,0.955
40,58,0.9548809523809524
40,60,0.9541666666666667
40,62,0.954047619047619
40,64,0.9541666666666667
40,66,0.9538095238095238
40,68,0.9525
40,70,0.9521428571428572
40,72,0.9514285714285714
40,74,0.950595238095238
40,76,0.9508333333333333
40,78,0.9510714285714286
40,80,0.95
40,82,0.9494047619047619
40,84,0.9489285714285715
40,86,0.9485714285714286
40,88,0.9483333333333334
40,90,0.9479761904761905
40,92,0.9483333333333334
40,94,0.9477380952380953
40,96,0.9470238095238095
40,98,0.9464285714285714
40,100,0.9465476190476191
40,102,0.9461904761904761
40,104,0.9457142857142857
40,106,0.9452380952380952
40,108,0.945
40,110,0.9445238095238095
40,112,0.9442857142857143
40,114,0.9442857142857143
40,116,0.9436904761904762
40,118,0.9439285714285715
40,120,0.9430952380952381
40,122,0.9432142857142857
40,124,0.9426190476190476
40,126,0.9425
40,128,0.9428571428571428
40,130,0.9425
40,132,0.9417857142857143
40,134,0.9415476190476191
40,136,0.9414285714285714
40,138,0.940595238095238
40,140,0.9410714285714286
40,142,0.940952380952381
40,144,0.9408333333333333
40,146,0.940952380952381
40,148,0.9404761904761905
40,150,0.9398809523809524
45,1,0.9710714285714286
45,2,0.9678571428571429
45,4,0.9728571428571429
45,6,0.9723809523809523
45,8,0.9711904761904762
45,10,0.9717857142857143
45,12,0.9707142857142858
45,14,0.9689285714285715
45,16,0.9680952380952381
45,18,0.9671428571428572
45,20,0.9648809523809524
45,22,0.9632142857142857
45,24,0.963452380952381
45,26,0.9622619047619048
45,28,0.9611904761904762
45,30,0.96
45,32,0.9601190476190476
45,34,0.9597619047619048
45,36,0.9588095238095238
45,38,0.9578571428571429
45,40,0.9570238095238095
45,42,0.9567857142857142
45,44,0.9557142857142857
45,46,0.955952380952381
45,48,0.955
45,50,0.9546428571428571
45,52,0.9544047619047619
45,54,0.9539285714285715
45,56,0.9533333333333334
45,58,0.9533333333333334
45,60,0.9532142857142857
45,62,0.9530952380952381
45,64,0.9530952380952381
45,66,0.9525
45,68,0.9513095238095238
45,70,0.9511904761904761
45,72,0.9511904761904761
45,74,0.9504761904761905
45,76,0.95
45,78,0.9496428571428571
45,80,0.9488095238095238
45,82,0.9489285714285715
45,84,0.9478571428571428
45,86,0.9475
45,88,0.9472619047619047
45,90,0.9467857142857142
45,92,0.9463095238095238
45,94,0.9458333333333333
45,96,0.945595238095238
45,98,0.945952380952381
45,100,0.9457142857142857
45,102,0.945595238095238
45,104,0.9451190476190476
45,106,0.945
45,108,0.9438095238095238
45,110,0.9438095238095238
45,112,0.9429761904761905
45,114,0.9427380952380953
45,116,0.9421428571428572
45,118,0.9417857142857143
45,120,0.9411904761904762
45,122,0.9413095238095238
45,124,0.9415476190476191
45,126,0.9413095238095238
45,128,0.9414285714285714
45,130,0.9413095238095238
45,132,0.940952380952381
45,134,0.9407142857142857
45,136,0.9402380952380952
45,138,0.9401190476190476
45,140,0.9397619047619048
45,142,0.9388095238095238
45,144,0.9386904761904762
45,146,0.9388095238095238
45,148,0.9379761904761905
45,150,0.9383333333333334
50,1,0.9710714285714286
50,2,0.9675
50,4,0.973452380952381
50,6,0.9736904761904762
50,8,0.9717857142857143
50,10,0.9710714285714286
50,12,0.9704761904761905
50,14,0.9697619047619047
50,16,0.9678571428571429
50,18,0.9660714285714286
50,20,0.9653571428571428
50,22,0.9646428571428571
50,24,0.9636904761904762
50,26,0.9615476190476191
50,28,0.9621428571428572
50,30,0.9613095238095238
50,32,0.960952380952381
50,34,0.9603571428571429
50,36,0.9591666666666666
50,38,0.958452380952381
50,40,0.9575
50,42,0.9565476190476191
50,44,0.9564285714285714
50,46,0.9564285714285714
50,48,0.9542857142857143
50,50,0.9539285714285715
50,52,0.9535714285714286
50,54,0.9533333333333334
50,56,0.9530952380952381
50,58,0.9528571428571428
50,60,0.9523809523809523
50,62,0.9520238095238095
50,64,0.9514285714285714
50,66,0.9510714285714286
50,68,0.9504761904761905
50,70,0.95
50,72,0.9489285714285715
50,74,0.9486904761904762
50,76,0.9476190476190476
50,78,0.9472619047619047
50,80,0.9471428571428572
50,82,0.9466666666666667
50,84,0.9463095238095238
50,86,0.945952380952381
50,88,0.9457142857142857
50,90,0.9451190476190476
50,92,0.9451190476190476
50,94,0.9447619047619048
50,96,0.9448809523809524
50,98,0.9442857142857143
50,100,0.9439285714285715
50,102,0.9432142857142857
50,104,0.9430952380952381
50,106,0.9425
50,108,0.9423809523809524
50,110,0.9423809523809524
50,112,0.9414285714285714
50,114,0.9410714285714286
50,116,0.9410714285714286
50,118,0.9411904761904762
50,120,0.9410714285714286
50,122,0.940595238095238
50,124,0.9396428571428571
50,126,0.9389285714285714
50,128,0.9389285714285714
50,130,0.9386904761904762
50,132,0.9383333333333334
50,134,0.9382142857142857
50,136,0.9378571428571428
50,138,0.9383333333333334
50,140,0.9377380952380953
50,142,0.9376190476190476
50,144,0.9376190476190476
50,146,0.9373809523809524
50,148,0.9371428571428572
50,150,0.9371428571428572
55,1,0.9705952380952381
55,2,0.9654761904761905
55,4,0.9726190476190476
55,6,0.9733333333333334
55,8,0.971547619047619
55,10,0.9710714285714286
55,12,0.9709523809523809
55,14,0.9686904761904762
55,16,0.9680952380952381
55,18,0.9669047619047619
55,20,0.9648809523809524
55,22,0.9645238095238096
55,24,0.9628571428571429
55,26,0.9627380952380953
55,28,0.9614285714285714
55,30,0.9613095238095238
55,32,0.9602380952380952
55,34,0.9595238095238096
55,36,0.9586904761904762
55,38,0.9579761904761904
55,40,0.9572619047619048
55,42,0.9558333333333333
55,44,0.9558333333333333
55,46,0.955595238095238
55,48,0.9544047619047619
55,50,0.955
55,52,0.9538095238095238
55,54,0.9528571428571428
55,56,0.9526190476190476
55,58,0.9519047619047619
55,60,0.9520238095238095
55,62,0.9510714285714286
55,64,0.9503571428571429
55,66,0.9494047619047619
55,68,0.9494047619047619
55,70,0.9491666666666667
55,72,0.9482142857142857
55,74,0.9485714285714286
55,76,0.9485714285714286
55,78,0.9479761904761905
55,80,0.9476190476190476
55,82,0.9470238095238095
55,84,0.9464285714285714
55,86,0.9453571428571429
55,88,0.9452380952380952
55,90,0.9451190476190476
55,92,0.9448809523809524
55,94,0.9446428571428571
55,96,0.9445238095238095
55,98,0.9439285714285715
55,100,0.9436904761904762
55,102,0.9429761904761905
55,104,0.9426190476190476
55,106,0.9422619047619047
55,108,0.9414285714285714
55,110,0.9410714285714286
55,112,0.940952380952381
55,114,0.9411904761904762
55,116,0.9404761904761905
55,118,0.9403571428571429
55,120,0.9397619047619048
55,122,0.9396428571428571
55,124,0.9395238095238095
55,126,0.9391666666666667
55,128,0.9388095238095238
55,130,0.9385714285714286
55,132,0.9382142857142857
55,134,0.9382142857142857
55,136,0.9380952380952381
55,138,0.9377380952380953
55,140,0.9377380952380953
55,142,0.9376190476190476
55,144,0.9371428571428572
55,146,0.9367857142857143
55,148,0.9367857142857143
55,150,0.9367857142857143
60,1,0.9701190476190477
60,2,0.9648809523809524
60,4,0.9721428571428572
60,6,0.9719047619047619
60,8,0.9717857142857143
60,10,0.9709523809523809
60,12,0.969047619047619
60,14,0.9670238095238095
60,16,0.965952380952381
60,18,0.9658333333333333
60,20,0.9641666666666666
60,22,0.9638095238095238
60,24,0.9629761904761904
60,26,0.9617857142857142
60,28,0.9607142857142857
60,30,0.96
60,32,0.9592857142857143
60,34,0.9592857142857143
60,36,0.9583333333333334
60,38,0.9579761904761904
60,40,0.9578571428571429
60,42,0.9564285714285714
60,44,0.9561904761904761
60,46,0.9554761904761905
60,48,0.955
60,50,0.9539285714285715
60,52,0.9532142857142857
60,54,0.9532142857142857
60,56,0.9526190476190476
60,58,0.9516666666666667
60,60,0.9516666666666667
60,62,0.9508333333333333
60,64,0.9502380952380952
60,66,0.9504761904761905
60,68,0.9489285714285715
60,70,0.9492857142857143
60,72,0.9491666666666667
60,74,0.9488095238095238
60,76,0.9483333333333334
60,78,0.9479761904761905
60,80,0.9477380952380953
60,82,0.9471428571428572
60,84,0.9467857142857142
60,86,0.945595238095238
60,88,0.945595238095238
60,90,0.9444047619047619
60,92,0.9446428571428571
60,94,0.9442857142857143
60,96,0.9439285714285715
60,98,0.9438095238095238
60,100,0.9429761904761905
60,102,0.9425
60,104,0.9421428571428572
60,106,0.9420238095238095
60,108,0.940952380952381
60,110,0.9411904761904762
60,112,0.9410714285714286
60,114,0.9408333333333333
60,116,0.9401190476190476
60,118,0.9395238095238095
60,120,0.9394047619047619
60,122,0.9391666666666667
60,124,0.9384523809523809
60,126,0.9376190476190476
60,128,0.9375
60,130,0.9375
60,132,0.9371428571428572
60,134,0.9373809523809524
60,136,0.9369047619047619
60,138,0.9369047619047619
60,140,0.9369047619047619
60,142,0.9365476190476191
60,144,0.9363095238095238
60,146,0.9365476190476191
60,148,0.935952380952381
60,150,0.9355952380952381
65,1,0.9702380952380952
65,2,0.965
65,4,0.9713095238095238
65,6,0.9721428571428572
65,8,0.9720238095238095
65,10,0.97
65,12,0.9707142857142858
65,14,0.968452380952381
65,16,0.9663095238095238
65,18,0.965952380952381
65,20,0.9641666666666666
65,22,0.9627380952380953
65,24,0.9630952380952381
65,26,0.9617857142857142
65,28,0.9611904761904762
65,30,0.958452380952381
65,32,0.9582142857142857
65,34,0.9575
65,36,0.9570238095238095
65,38,0.9569047619047619
65,40,0.9557142857142857
65,42,0.9561904761904761
65,44,0.9554761904761905
65,46,0.9551190476190476
65,48,0.954047619047619
65,50,0.9534523809523809
65,52,0.9533333333333334
65,54,0.9523809523809523
65,56,0.9517857142857142
65,58,0.9514285714285714
65,60,0.9508333333333333
65,62,0.9504761904761905
65,64,0.9498809523809524
65,66,0.9498809523809524
65,68,0.9498809523809524
65,70,0.9489285714285715
65,72,0.9486904761904762
65,74,0.9478571428571428
65,76,0.9477380952380953
65,78,0.9478571428571428
65,80,0.9467857142857142
65,82,0.9464285714285714
65,84,0.945595238095238
65,86,0.9453571428571429
65,88,0.9448809523809524
65,90,0.944047619047619
65,92,0.9436904761904762
65,94,0.9430952380952381
65,96,0.9427380952380953
65,98,0.9430952380952381
65,100,0.9425
65,102,0.9426190476190476
65,104,0.9420238095238095
65,106,0.9411904761904762
65,108,0.9408333333333333
65,110,0.9407142857142857
65,112,0.9403571428571429
65,114,0.940595238095238
65,116,0.9402380952380952
65,118,0.9397619047619048
65,120,0.9396428571428571
65,122,0.939047619047619
65,124,0.9384523809523809
65,126,0.9378571428571428
65,128,0.9372619047619047
65,130,0.9373809523809524
65,132,0.9373809523809524
65,134,0.9369047619047619
65,136,0.9366666666666666
65,138,0.9366666666666666
65,140,0.9360714285714286
65,142,0.9358333333333333
65,144,0.9355952380952381
65,146,0.9353571428571429
65,148,0.9347619047619048
65,150,0.9345238095238095
70,1,0.97
70,2,0.9648809523809524
70,4,0.9711904761904762
70,6,0.9719047619047619
70,8,0.9713095238095238
70,10,0.9696428571428571
70,12,0.968452380952381
70,14,0.9678571428571429
70,16,0.9654761904761905
70,18,0.9657142857142857
70,20,0.9645238095238096
70,22,0.963452380952381
70,24,0.9627380952380953
70,26,0.9620238095238095
70,28,0.9601190476190476
70,30,0.9588095238095238
70,32,0.9577380952380953
70,34,0.9571428571428572
70,36,0.9573809523809523
70,38,0.9564285714285714
70,40,0.9557142857142857
70,42,0.955
70,44,0.9542857142857143
70,46,0.9539285714285715
70,48,0.9533333333333334
70,50,0.9530952380952381
70,52,0.9525
70,54,0.9511904761904761
70,56,0.9504761904761905
70,58,0.9503571428571429
70,60,0.95
70,62,0.9498809523809524
70,64,0.9483333333333334
70,66,0.9483333333333334
70,68,0.9478571428571428
70,70,0.9473809523809524
70,72,0.9472619047619047
70,74,0.9469047619047619
70,76,0.9466666666666667
70,78,0.9466666666666667
70,80,0.9457142857142857
70,82,0.9447619047619048
70,84,0.9442857142857143
70,86,0.9445238095238095
70,88,0.9439285714285715
70,90,0.9435714285714286
70,92,0.9434523809523809
70,94,0.9419047619047619
70,96,0.9422619047619047
70,98,0.9416666666666667
70,100,0.9414285714285714
70,102,0.940952380952381
70,104,0.940595238095238
70,106,0.940595238095238
70,108,0.9407142857142857
70,110,0.9401190476190476
70,112,0.9398809523809524
70,114,0.939047619047619
70,116,0.9392857142857143
70,118,0.9389285714285714
70,120,0.9386904761904762
70,122,0.9383333333333334
70,124,0.9376190476190476
70,126,0.9377380952380953
70,128,0.9376190476190476
70,130,0.9376190476190476
70,132,0.9370238095238095
70,134,0.9364285714285714
70,136,0.9364285714285714
70,138,0.9360714285714286
70,140,0.9357142857142857
70,142,0.9355952380952381
70,144,0.935
70,146,0.935
70,148,0.9342857142857143
70,150,0.9336904761904762
75,1,0.9697619047619047
75,2,0.9635714285714285
75,4,0.9723809523809523
75,6,0.9726190476190476
75,8,0.9714285714285714
75,10,0.9697619047619047
75,12,0.9673809523809523
75,14,0.9663095238095238
75,16,0.9655952380952381
75,18,0.9652380952380952
75,20,0.9625
75,22,0.9628571428571429
75,24,0.9620238095238095
75,26,0.9614285714285714
75,28,0.9603571428571429
75,30,0.9595238095238096
75,32,0.9582142857142857
75,34,0.9577380952380953
75,36,0.9569047619047619
75,38,0.9563095238095238
75,40,0.9553571428571429
75,42,0.9544047619047619
75,44,0.9533333333333334
75,46,0.9530952380952381
75,48,0.9521428571428572
75,50,0.9523809523809523
75,52,0.9517857142857142
75,54,0.9504761904761905
75,56,0.9501190476190476
75,58,0.9496428571428571
75,60,0.9496428571428571
75,62,0.9492857142857143
75,64,0.949047619047619
75,66,0.9483333333333334
75,68,0.9476190476190476
75,70,0.9465476190476191
75,72,0.9460714285714286
75,74,0.9457142857142857
75,76,0.945595238095238
75,78,0.9454761904761905
75,80,0.9451190476190476
75,82,0.9444047619047619
75,84,0.9439285714285715
75,86,0.9435714285714286
75,88,0.9433333333333334
75,90,0.9429761904761905
75,92,0.9422619047619047
75,94,0.9417857142857143
75,96,0.9415476190476191
75,98,0.9415476190476191
75,100,0.9408333333333333
75,102,0.940595238095238
75,104,0.940952380952381
75,106,0.9407142857142857
75,108,0.9401190476190476
75,110,0.94
75,112,0.939047619047619
75,114,0.9388095238095238
75,116,0.9380952380952381
75,118,0.9377380952380953
75,120,0.9378571428571428
75,122,0.9377380952380953
75,124,0.9377380952380953
75,126,0.9376190476190476
75,128,0.9372619047619047
75,130,0.9366666666666666
75,132,0.9370238095238095
75,134,0.9364285714285714
75,136,0.935952380952381
75,138,0.9351190476190476
75,140,0.9352380952380952
75,142,0.934404761904762
75,144,0.934047619047619
75,146,0.9342857142857143
75,148,0.934047619047619
75,150,0.9336904761904762
80,1,0.969047619047619
80,2,0.9633333333333334
80,4,0.9720238095238095
80,6,0.9716666666666667
80,8,0.9714285714285714
80,10,0.9695238095238096
80,12,0.9676190476190476
80,14,0.9665476190476191
80,16,0.9666666666666667
80,18,0.964047619047619
80,20,0.9627380952380953
80,22,0.9613095238095238
80,24,0.9617857142857142
80,26,0.9611904761904762
80,28,0.9601190476190476
80,30,0.9591666666666666
80,32,0.9585714285714285
80,34,0.9570238095238095
80,36,0.9560714285714286
80,38,0.9546428571428571
80,40,0.9544047619047619
80,42,0.9536904761904762
80,44,0.9539285714285715
80,46,0.9536904761904762
80,48,0.9520238095238095
80,50,0.9514285714285714
80,52,0.9504761904761905
80,54,0.9503571428571429
80,56,0.9494047619047619
80,58,0.9494047619047619
80,60,0.9496428571428571
80,62,0.9488095238095238
80,64,0.9480952380952381
80,66,0.9471428571428572
80,68,0.9466666666666667
80,70,0.9460714285714286
80,72,0.945595238095238
80,74,0.9451190476190476
80,76,0.9442857142857143
80,78,0.9442857142857143
80,80,0.9438095238095238
80,82,0.9436904761904762
80,84,0.9434523809523809
80,86,0.9433333333333334
80,88,0.9435714285714286
80,90,0.9428571428571428
80,92,0.9426190476190476
80,94,0.9425
80,96,0.9417857142857143
80,98,0.9414285714285714
80,100,0.9407142857142857
80,102,0.9403571428571429
80,104,0.9403571428571429
80,106,0.9398809523809524
80,108,0.9394047619047619
80,110,0.9389285714285714
80,112,0.9380952380952381
80,114,0.9377380952380953
80,116,0.9379761904761905
80,118,0.9378571428571428
80,120,0.9375
80,122,0.9370238095238095
80,124,0.9365476190476191
80,126,0.9361904761904762
80,128,0.9364285714285714
80,130,0.9360714285714286
80,132,0.935952380952381
80,134,0.9354761904761905
80,136,0.9353571428571429
80,138,0.9345238095238095
80,140,0.9341666666666667
80,142,0.934047619047619
80,144,0.9332142857142857
80,146,0.9332142857142857
80,148,0.9328571428571428
80,150,0.9328571428571428
85,1,0.9696428571428571
85,2,0.9641666666666666
85,4,0.971547619047619
85,6,0.9719047619047619
85,8,0.9716666666666667
85,10,0.9694047619047619
85,12,0.9676190476190476
85,14,0.9663095238095238
85,16,0.9651190476190477
85,18,0.9636904761904762
85,20,0.9629761904761904
85,22,0.9610714285714286
85,24,0.9611904761904762
85,26,0.9605952380952381
85,28,0.9597619047619048
85,30,0.9589285714285715
85,32,0.9580952380952381
85,34,0.9573809523809523
85,36,0.955952380952381
85,38,0.9554761904761905
85,40,0.9542857142857143
85,42,0.9539285714285715
85,44,0.9525
85,46,0.9521428571428572
85,48,0.9516666666666667
85,50,0.9507142857142857
85,52,0.9496428571428571
85,54,0.9491666666666667
85,56,0.9485714285714286
85,58,0.9479761904761905
85,60,0.9477380952380953
85,62,0.9472619047619047
85,64,0.9467857142857142
85,66,0.9464285714285714
85,68,0.945595238095238
85,70,0.9446428571428571
85,72,0.9451190476190476
85,74,0.9438095238095238
85,76,0.9442857142857143
85,78,0.9444047619047619
85,80,0.944047619047619
85,82,0.9435714285714286
85,84,0.9435714285714286
85,86,0.9430952380952381
85,88,0.9422619047619047
85,90,0.9425
85,92,0.9415476190476191
85,94,0.9414285714285714
85,96,0.940595238095238
85,98,0.9403571428571429
85,100,0.9398809523809524
85,102,0.9397619047619048
85,104,0.9394047619047619
85,106,0.9385714285714286
85,108,0.9386904761904762
85,110,0.9383333333333334
85,112,0.9377380952380953
85,114,0.9378571428571428
85,116,0.9377380952380953
85,118,0.9372619047619047
85,120,0.9367857142857143
85,122,0.9365476190476191
85,124,0.935952380952381
85,126,0.9355952380952381
85,128,0.9351190476190476
85,130,0.9346428571428571
85,132,0.9345238095238095
85,134,0.9338095238095238
85,136,0.9333333333333333
85,138,0.9334523809523809
85,140,0.9326190476190476
85,142,0.9322619047619047
85,144,0.9325
85,146,0.9321428571428572
85,148,0.9321428571428572
85,150,0.9316666666666666
90,1,0.9697619047619047
90,2,0.9633333333333334
90,4,0.971547619047619
90,6,0.971547619047619
90,8,0.9701190476190477
90,10,0.9686904761904762
90,12,0.9669047619047619
90,14,0.9660714285714286
90,16,0.9652380952380952
90,18,0.9636904761904762
90,20,0.9621428571428572
90,22,0.9621428571428572
90,24,0.9611904761904762
90,26,0.9604761904761905
90,28,0.9597619047619048
90,30,0.9586904761904762
90,32,0.9578571428571429
90,34,0.9575
90,36,0.9564285714285714
90,38,0.9548809523809524
90,40,0.9542857142857143
90,42,0.9535714285714286
90,44,0.9526190476190476
90,46,0.9514285714285714
90,48,0.9508333333333333
90,50,0.95
90,52,0.9494047619047619
90,54,0.949047619047619
90,56,0.9494047619047619
90,58,0.9484523809523809
90,60,0.9482142857142857
90,62,0.9472619047619047
90,64,0.9470238095238095
90,66,0.945952380952381
90,68,0.9452380952380952
90,70,0.9453571428571429
90,72,0.9445238095238095
90,74,0.9438095238095238
90,76,0.9438095238095238
90,78,0.9438095238095238
90,80,0.9434523809523809
90,82,0.9432142857142857
90,84,0.9429761904761905
90,86,0.9421428571428572
90,88,0.9419047619047619
90,90,0.9410714285714286
90,92,0.9410714285714286
90,94,0.9408333333333333
90,96,0.9396428571428571
90,98,0.94
90,100,0.9392857142857143
90,102,0.9395238095238095
90,104,0.9384523809523809
90,106,0.9384523809523809
90,108,0.9379761904761905
90,110,0.9377380952380953
90,112,0.9372619047619047
90,114,0.9371428571428572
90,116,0.9365476190476191
90,118,0.9371428571428572
90,120,0.9367857142857143
90,122,0.935952380952381
90,124,0.9354761904761905
90,126,0.9354761904761905
90,128,0.9347619047619048
90,130,0.9345238095238095
90,132,0.934047619047619
90,134,0.9338095238095238
90,136,0.9334523809523809
90,138,0.9328571428571428
90,140,0.9326190476190476
90,142,0.9323809523809524
90,144,0.9323809523809524
90,146,0.9320238095238095
90,148,0.9315476190476191
90,150,0.9310714285714285
95,1,0.9696428571428571
95,2,0.9639285714285715
95,4,0.9716666666666667
95,6,0.9714285714285714
95,8,0.9710714285714286
95,10,0.9680952380952381
95,12,0.9672619047619048
95,14,0.965952380952381
95,16,0.965
95,18,0.9636904761904762
95,20,0.9625
95,22,0.9626190476190476
95,24,0.9607142857142857
95,26,0.9603571428571429
95,28,0.9592857142857143
95,30,0.9583333333333334
95,32,0.9571428571428572
95,34,0.9571428571428572
95,36,0.9563095238095238
95,38,0.9552380952380952
95,40,0.954047619047619
95,42,0.9534523809523809
95,44,0.9523809523809523
95,46,0.9511904761904761
95,48,0.9501190476190476
95,50,0.950595238095238
95,52,0.9488095238095238
95,54,0.9488095238095238
95,56,0.9483333333333334
95,58,0.9479761904761905
95,60,0.9477380952380953
95,62,0.9470238095238095
95,64,0.9464285714285714
95,66,0.9458333333333333
95,68,0.9453571428571429
95,70,0.9447619047619048
95,72,0.9441666666666667
95,74,0.9439285714285715
95,76,0.944047619047619
95,78,0.9434523809523809
95,80,0.9433333333333334
95,82,0.9433333333333334
95,84,0.9428571428571428
95,86,0.9422619047619047
95,88,0.9416666666666667
95,90,0.9408333333333333
95,92,0.9403571428571429
95,94,0.9402380952380952
95,96,0.9397619047619048
95,98,0.9392857142857143
95,100,0.9388095238095238
95,102,0.9385714285714286
95,104,0.9384523809523809
95,106,0.9384523809523809
95,108,0.9383333333333334
95,110,0.9376190476190476
95,112,0.9369047619047619
95,114,0.9366666666666666
95,116,0.9371428571428572
95,118,0.9360714285714286
95,120,0.9360714285714286
95,122,0.9355952380952381
95,124,0.9354761904761905
95,126,0.9352380952380952
95,128,0.935
95,130,0.934404761904762
95,132,0.9338095238095238
95,134,0.9338095238095238
95,136,0.9336904761904762
95,138,0.9329761904761905
95,140,0.9326190476190476
95,142,0.9317857142857143
95,144,0.9311904761904762
95,146,0.9313095238095238
95,148,0.9303571428571429
95,150,0.9304761904761905
100,1,0.9697619047619047
100,2,0.9638095238095238
100,4,0.9719047619047619
100,6,0.9720238095238095
100,8,0.9707142857142858
100,10,0.9685714285714285
100,12,0.9671428571428572
100,14,0.9658333333333333
100,16,0.9648809523809524
100,18,0.9639285714285715
100,20,0.9616666666666667
100,22,0.9616666666666667
100,24,0.9607142857142857
100,26,0.9596428571428571
100,28,0.9594047619047619
100,30,0.9582142857142857
100,32,0.9572619047619048
100,34,0.9573809523809523
100,36,0.9558333333333333
100,38,0.9552380952380952
100,40,0.9542857142857143
100,42,0.9526190476190476
100,44,0.9519047619047619
100,46,0.9513095238095238
100,48,0.9502380952380952
100,50,0.9496428571428571
100,52,0.9492857142857143
100,54,0.9486904761904762
100,56,0.9476190476190476
100,58,0.9470238095238095
100,60,0.9464285714285714
100,62,0.9461904761904761
100,64,0.945952380952381
100,66,0.9457142857142857
100,68,0.9448809523809524
100,70,0.9439285714285715
100,72,0.9436904761904762
100,74,0.9439285714285715
100,76,0.944047619047619
100,78,0.9441666666666667
100,80,0.9433333333333334
100,82,0.9426190476190476
100,84,0.9417857142857143
100,86,0.9413095238095238
100,88,0.9403571428571429
100,90,0.9401190476190476
100,92,0.9402380952380952
100,94,0.9396428571428571
100,96,0.939047619047619
100,98,0.9389285714285714
100,100,0.9389285714285714
100,102,0.9384523809523809
100,104,0.9383333333333334
100,106,0.9379761904761905
100,108,0.9380952380952381
100,110,0.9371428571428572
100,112,0.9367857142857143
100,114,0.9366666666666666
100,116,0.9361904761904762
100,118,0.9354761904761905
100,120,0.935
100,122,0.9352380952380952
100,124,0.9347619047619048
100,126,0.9341666666666667
100,128,0.9333333333333333
100,130,0.9335714285714286
100,132,0.9336904761904762
100,134,0.9328571428571428
100,136,0.9328571428571428
100,138,0.9325
100,140,0.9320238095238095
100,142,0.9316666666666666
100,144,0.930952380952381
100,146,0.9310714285714285
100,148,0.9303571428571429
100,150,0.9301190476190476
105,1,0.9692857142857143
105,2,0.963452380952381
105,4,0.9722619047619048
105,6,0.9719047619047619
105,8,0.9707142857142858
105,10,0.9685714285714285
105,12,0.9673809523809523
105,14,0.9654761904761905
105,16,0.9642857142857143
105,18,0.964047619047619
105,20,0.9616666666666667
105,22,0.9611904761904762
105,24,0.9597619047619048
105,26,0.9586904761904762
105,28,0.9589285714285715
105,30,0.9580952380952381
105,32,0.9572619047619048
105,34,0.9566666666666667
105,36,0.955952380952381
105,38,0.9552380952380952
105,40,0.9538095238095238
105,42,0.9523809523809523
105,44,0.9520238095238095
105,46,0.9508333333333333
105,48,0.9495238095238095
105,50,0.9494047619047619
105,52,0.9486904761904762
105,54,0.9480952380952381
105,56,0.9469047619047619
105,58,0.9463095238095238
105,60,0.9464285714285714
105,62,0.9457142857142857
105,64,0.9454761904761905
105,66,0.9445238095238095
105,68,0.9444047619047619
105,70,0.944047619047619
105,72,0.9435714285714286
105,74,0.9433333333333334
105,76,0.9430952380952381
105,78,0.9426190476190476
105,80,0.9426190476190476
105,82,0.9425
105,84,0.9417857142857143
105,86,0.9415476190476191
105,88,0.9413095238095238
105,90,0.9403571428571429
105,92,0.9401190476190476
105,94,0.9395238095238095
105,96,0.9395238095238095
105,98,0.939047619047619
105,100,0.939047619047619
105,102,0.9389285714285714
105,104,0.9386904761904762
105,106,0.9382142857142857
105,108,0.9376190476190476
105,110,0.9376190476190476
105,112,0.9364285714285714
105,114,0.935952380952381
105,116,0.9358333333333333
105,118,0.935952380952381
105,120,0.9355952380952381
105,122,0.9352380952380952
105,124,0.9345238095238095
105,126,0.9338095238095238
105,128,0.9338095238095238
105,130,0.9332142857142857
105,132,0.9327380952380953
105,134,0.9325
105,136,0.9319047619047619
105,138,0.9320238095238095
105,140,0.9322619047619047
105,142,0.9315476190476191
105,144,0.9315476190476191
105,146,0.930952380952381
105,148,0.9308333333333333
105,150,0.9303571428571429
110,1,0.9701190476190477
110,2,0.9635714285714285
110,4,0.9719047619047619
110,6,0.9717857142857143
110,8,0.9704761904761905
110,10,0.9689285714285715
110,12,0.9669047619047619
110,14,0.9651190476190477
110,16,0.9641666666666666
110,18,0.9633333333333334
110,20,0.9625
110,22,0.9616666666666667
110,24,0.96
110,26,0.9596428571428571
110,28,0.9591666666666666
110,30,0.9576190476190476
110,32,0.9564285714285714
110,34,0.9560714285714286
110,36,0.9554761904761905
110,38,0.9551190476190476
110,40,0.9533333333333334
110,42,0.9516666666666667
110,44,0.9513095238095238
110,46,0.9502380952380952
110,48,0.9495238095238095
110,50,0.9492857142857143
110,52,0.9486904761904762
110,54,0.9475
110,56,0.9472619047619047
110,58,0.9469047619047619
110,60,0.9465476190476191
110,62,0.945952380952381
110,64,0.9454761904761905
110,66,0.9447619047619048
110,68,0.944047619047619
110,70,0.9438095238095238
110,72,0.9435714285714286
110,74,0.9432142857142857
110,76,0.9433333333333334
110,78,0.9432142857142857
110,80,0.9427380952380953
110,82,0.9416666666666667
110,84,0.9415476190476191
110,86,0.9413095238095238
110,88,0.9402380952380952
110,90,0.9404761904761905
110,92,0.9398809523809524
110,94,0.939047619047619
110,96,0.939047619047619
110,98,0.9389285714285714
110,100,0.939047619047619
110,102,0.9384523809523809
110,104,0.9384523809523809
110,106,0.9383333333333334
110,108,0.9378571428571428
110,110,0.9373809523809524
110,112,0.9369047619047619
110,114,0.9364285714285714
110,116,0.935952380952381
110,118,0.9351190476190476
110,120,0.9351190476190476
110,122,0.934404761904762
110,124,0.9334523809523809
110,126,0.9339285714285714
110,128,0.9333333333333333
110,130,0.9334523809523809
110,132,0.9335714285714286
110,134,0.9329761904761905
110,136,0.9325
110,138,0.9320238095238095
110,140,0.9314285714285714
110,142,0.9305952380952381
110,144,0.9308333333333333
110,146,0.9302380952380952
110,148,0.93
110,150,0.929404761904762
115,1,0.97
115,2,0.9630952380952381
115,4,0.9720238095238095
115,6,0.9716666666666667
115,8,0.9704761904761905
115,10,0.9685714285714285
115,12,0.9669047619047619
115,14,0.9646428571428571
115,16,0.9641666666666666
115,18,0.9638095238095238
115,20,0.9622619047619048
115,22,0.9613095238095238
115,24,0.96
115,26,0.959047619047619
115,28,0.9580952380952381
115,30,0.9571428571428572
115,32,0.9566666666666667
115,34,0.9554761904761905
115,36,0.9551190476190476
115,38,0.9544047619047619
115,40,0.9532142857142857
115,42,0.9515476190476191
115,44,0.9514285714285714
115,46,0.9497619047619048
115,48,0.9496428571428571
115,50,0.9489285714285715
115,52,0.9479761904761905
115,54,0.9470238095238095
115,56,0.9469047619047619
115,58,0.9465476190476191
115,60,0.9465476190476191
115,62,0.9452380952380952
115,64,0.945
115,66,0.9452380952380952
115,68,0.9445238095238095
115,70,0.9436904761904762
115,72,0.944047619047619
115,74,0.9430952380952381
115,76,0.9434523809523809
115,78,0.9432142857142857
115,80,0.9420238095238095
115,82,0.9425
115,84,0.9410714285714286
115,86,0.9404761904761905
115,88,0.9397619047619048
115,90,0.9394047619047619
115,92,0.9391666666666667
115,94,0.9385714285714286
115,96,0.9384523809523809
115,98,0.9379761904761905
115,100,0.9378571428571428
115,102,0.9377380952380953
115,104,0.9372619047619047
115,106,0.9372619047619047
115,108,0.9377380952380953
115,110,0.9372619047619047
115,112,0.9363095238095238
115,114,0.9360714285714286
115,116,0.9354761904761905
115,118,0.9346428571428571
115,120,0.9342857142857143
115,122,0.9335714285714286
115,124,0.9335714285714286
115,126,0.9333333333333333
115,128,0.9327380952380953
115,130,0.9326190476190476
115,132,0.9321428571428572
115,134,0.9319047619047619
115,136,0.9320238095238095
115,138,0.9311904761904762
115,140,0.9307142857142857
115,142,0.9303571428571429
115,144,0.9297619047619048
115,146,0.9292857142857143
115,148,0.9291666666666667
115,150,0.9291666666666667
120,1,0.9695238095238096
120,2,0.9636904761904762
120,4,0.9716666666666667
120,6,0.9710714285714286
120,8,0.9701190476190477
120,10,0.9679761904761904
120,12,0.9665476190476191
120,14,0.9651190476190477
120,16,0.963452380952381
120,18,0.9635714285714285
120,20,0.9619047619047619
120,22,0.9610714285714286
120,24,0.9592857142857143
120,26,0.9586904761904762
120,28,0.958452380952381
120,30,0.9570238095238095
120,32,0.9564285714285714
120,34,0.9560714285714286
120,36,0.9548809523809524
120,38,0.954047619047619
120,40,0.9529761904761904
120,42,0.9515476190476191
120,44,0.9508333333333333
120,46,0.9495238095238095
120,48,0.9494047619047619
120,50,0.9489285714285715
120,52,0.9479761904761905
120,54,0.9472619047619047
120,56,0.9469047619047619
120,58,0.9463095238095238
120,60,0.9458333333333333
120,62,0.9454761904761905
120,64,0.9442857142857143
120,66,0.9446428571428571
120,68,0.9445238095238095
120,70,0.944047619047619
120,72,0.9433333333333334
120,74,0.9434523809523809
120,76,0.9430952380952381
120,78,0.9428571428571428
120,80,0.9425
120,82,0.9421428571428572
120,84,0.9416666666666667
120,86,0.9413095238095238
120,88,0.9401190476190476
120,90,0.9402380952380952
120,92,0.9395238095238095
120,94,0.9389285714285714
120,96,0.9382142857142857
120,98,0.9379761904761905
120,100,0.9379761904761905
120,102,0.9375
120,104,0.9373809523809524
120,106,0.9371428571428572
120,108,0.9373809523809524
120,110,0.9364285714285714
120,112,0.9367857142857143
120,114,0.9360714285714286
120,116,0.9353571428571429
120,118,0.934404761904762
120,120,0.9347619047619048
120,122,0.9342857142857143
120,124,0.9338095238095238
120,126,0.9334523809523809
120,128,0.9327380952380953
120,130,0.9327380952380953
120,132,0.9321428571428572
120,134,0.9317857142857143
120,136,0.9319047619047619
120,138,0.930952380952381
120,140,0.9304761904761905
120,142,0.9303571428571429
120,144,0.9302380952380952
120,146,0.9298809523809524
120,148,0.9295238095238095
120,150,0.9291666666666667
125,1,0.9697619047619047
125,2,0.9636904761904762
125,4,0.9711904761904762
125,6,0.9707142857142858
125,8,0.9703571428571428
125,10,0.9678571428571429
125,12,0.9663095238095238
125,14,0.965
125,16,0.963452380952381
125,18,0.9630952380952381
125,20,0.9615476190476191
125,22,0.9607142857142857
125,24,0.959047619047619
125,26,0.9582142857142857
125,28,0.9576190476190476
125,30,0.9569047619047619
125,32,0.955595238095238
125,34,0.955595238095238
125,36,0.9547619047619048
125,38,0.9539285714285715
125,40,0.9525
125,42,0.9519047619047619
125,44,0.9507142857142857
125,46,0.9494047619047619
125,48,0.9488095238095238
125,50,0.9484523809523809
125,52,0.9476190476190476
125,54,0.9467857142857142
125,56,0.9465476190476191
125,58,0.945952380952381
125,60,0.945595238095238
125,62,0.945
125,64,0.945
125,66,0.9448809523809524
125,68,0.9451190476190476
125,70,0.9439285714285715
125,72,0.9433333333333334
125,74,0.9430952380952381
125,76,0.9432142857142857
125,78,0.9430952380952381
125,80,0.9419047619047619
125,82,0.9415476190476191
125,84,0.9413095238095238
125,86,0.9410714285714286
125,88,0.94
125,90,0.9395238095238095
125,92,0.9392857142857143
125,94,0.9379761904761905
125,96,0.9382142857142857
125,98,0.9382142857142857
125,100,0.9376190476190476
125,102,0.9372619047619047
125,104,0.9371428571428572
125,106,0.9370238095238095
125,108,0.9370238095238095
125,110,0.9366666666666666
125,112,0.9355952380952381
125,114,0.9352380952380952
125,116,0.9346428571428571
125,118,0.934404761904762
125,120,0.9341666666666667
125,122,0.9339285714285714
125,124,0.9333333333333333
125,126,0.9327380952380953
125,128,0.9320238095238095
125,130,0.9322619047619047
125,132,0.9320238095238095
125,134,0.9313095238095238
125,136,0.9310714285714285
125,138,0.9310714285714285
125,140,0.9313095238095238
125,142,0.9308333333333333
125,144,0.93
125,146,0.929404761904762
125,148,0.9291666666666667
125,150,0.9283333333333333
130,1,0.9697619047619047
130,2,0.9641666666666666
130,4,0.9708333333333333
130,6,0.9705952380952381
130,8,0.9701190476190477
130,10,0.968452380952381
130,12,0.9665476190476191
130,14,0.9653571428571428
130,16,0.9626190476190476
130,18,0.9632142857142857
130,20,0.9614285714285714
130,22,0.9608333333333333
130,24,0.9591666666666666
130,26,0.9582142857142857
130,28,0.9571428571428572
130,30,0.9566666666666667
130,32,0.955952380952381
130,34,0.955
130,36,0.9541666666666667
130,38,0.9530952380952381
130,40,0.9523809523809523
130,42,0.9510714285714286
130,44,0.9498809523809524
130,46,0.9484523809523809
130,48,0.9479761904761905
130,50,0.9477380952380953
130,52,0.9473809523809524
130,54,0.9465476190476191
130,56,0.9463095238095238
130,58,0.9458333333333333
130,60,0.9453571428571429
130,62,0.945595238095238
130,64,0.9448809523809524
130,66,0.9447619047619048
130,68,0.9442857142857143
130,70,0.9434523809523809
130,72,0.9428571428571428
130,74,0.9432142857142857
130,76,0.9429761904761905
130,78,0.9427380952380953
130,80,0.9420238095238095
130,82,0.9413095238095238
130,84,0.9408333333333333
130,86,0.94
130,88,0.9401190476190476
130,90,0.9395238095238095
130,92,0.9389285714285714
130,94,0.9383333333333334
130,96,0.9379761904761905
130,98,0.9377380952380953
130,100,0.9373809523809524
130,102,0.9373809523809524
130,104,0.9373809523809524
130,106,0.9370238095238095
130,108,0.9365476190476191
130,110,0.935952380952381
130,112,0.9354761904761905
130,114,0.935
130,116,0.9347619047619048
130,118,0.9345238095238095
130,120,0.9336904761904762
130,122,0.9333333333333333
130,124,0.9326190476190476
130,126,0.9316666666666666
130,128,0.9323809523809524
130,130,0.9314285714285714
130,132,0.9314285714285714
130,134,0.9313095238095238
130,136,0.9314285714285714
130,138,0.930952380952381
130,140,0.9303571428571429
130,142,0.93
130,144,0.9295238095238095
130,146,0.9288095238095239
130,148,0.9285714285714286
130,150,0.9279761904761905
135,1,0.9691666666666666
135,2,0.9632142857142857
135,4,0.9707142857142858
135,6,0.9698809523809524
135,8,0.9695238095238096
135,10,0.9683333333333334
135,12,0.9660714285714286
135,14,0.965
135,16,0.9630952380952381
135,18,0.9623809523809523
135,20,0.9613095238095238
135,22,0.9603571428571429
135,24,0.9594047619047619
135,26,0.9579761904761904
135,28,0.9575
135,30,0.9563095238095238
135,32,0.9547619047619048
135,34,0.9544047619047619
135,36,0.9535714285714286
135,38,0.9526190476190476
135,40,0.9525
135,42,0.950595238095238
135,44,0.9489285714285715
135,46,0.9484523809523809
135,48,0.9470238095238095
135,50,0.9470238095238095
135,52,0.9467857142857142
135,54,0.9463095238095238
135,56,0.9452380952380952
135,58,0.9448809523809524
135,60,0.9452380952380952
135,62,0.9448809523809524
135,64,0.945
135,66,0.9444047619047619
135,68,0.9444047619047619
135,70,0.9439285714285715
135,72,0.9432142857142857
135,74,0.9430952380952381
135,76,0.9426190476190476
135,78,0.9422619047619047
135,80,0.9417857142857143
135,82,0.9407142857142857
135,84,0.9404761904761905
135,86,0.9397619047619048
135,88,0.9394047619047619
135,90,0.9389285714285714
135,92,0.9388095238095238
135,94,0.9380952380952381
135,96,0.9382142857142857
135,98,0.9376190476190476
135,100,0.9375
135,102,0.9371428571428572
135,104,0.9366666666666666
135,106,0.9363095238095238
135,108,0.9363095238095238
135,110,0.9354761904761905
135,112,0.9348809523809524
135,114,0.9347619047619048
135,116,0.934404761904762
135,118,0.9339285714285714
135,120,0.9333333333333333
135,122,0.9332142857142857
135,124,0.9326190476190476
135,126,0.9320238095238095
135,128,0.9317857142857143
135,130,0.9317857142857143
135,132,0.9311904761904762
135,134,0.9317857142857143
135,136,0.9308333333333333
135,138,0.9302380952380952
135,140,0.9307142857142857
135,142,0.93
135,144,0.9291666666666667
135,146,0.9288095238095239
135,148,0.9283333333333333
135,150,0.9277380952380953
140,1,0.9692857142857143
140,2,0.9644047619047619
140,4,0.9708333333333333
140,6,0.97
140,8,0.9701190476190477
140,10,0.9677380952380953
140,12,0.9660714285714286
140,14,0.9651190476190477
140,16,0.9629761904761904
140,18,0.9622619047619048
140,20,0.9610714285714286
140,22,0.9604761904761905
140,24,0.9594047619047619
140,26,0.9573809523809523
140,28,0.9565476190476191
140,30,0.9557142857142857
140,32,0.9547619047619048
140,34,0.9546428571428571
140,36,0.9530952380952381
140,38,0.9519047619047619
140,40,0.9515476190476191
140,42,0.9507142857142857
140,44,0.9492857142857143
140,46,0.9480952380952381
140,48,0.9473809523809524
140,50,0.9466666666666667
140,52,0.9465476190476191
140,54,0.9463095238095238
140,56,0.9460714285714286
140,58,0.945
140,60,0.9451190476190476
140,62,0.9452380952380952
140,64,0.9445238095238095
140,66,0.9441666666666667
140,68,0.944047619047619
140,70,0.9433333333333334
140,72,0.9430952380952381
140,74,0.9430952380952381
140,76,0.9421428571428572
140,78,0.9417857142857143
140,80,0.9411904761904762
140,82,0.9407142857142857
140,84,0.9408333333333333
140,86,0.9398809523809524
140,88,0.9394047619047619
140,90,0.9384523809523809
140,92,0.9383333333333334
140,94,0.9383333333333334
140,96,0.9376190476190476
140,98,0.9372619047619047
140,100,0.9367857142857143
140,102,0.9364285714285714
140,104,0.9369047619047619
140,106,0.9363095238095238
140,108,0.9357142857142857
140,110,0.9355952380952381
140,112,0.9348809523809524
140,114,0.934404761904762
140,116,0.9339285714285714
140,118,0.934404761904762
140,120,0.9338095238095238
140,122,0.9329761904761905
140,124,0.9332142857142857
140,126,0.9323809523809524
140,128,0.9319047619047619
140,130,0.9315476190476191
140,132,0.9316666666666666
140,134,0.9308333333333333
140,136,0.9302380952380952
140,138,0.9297619047619048
140,140,0.929404761904762
140,142,0.929047619047619
140,144,0.9283333333333333
140,146,0.9279761904761905
140,148,0.9279761904761905
140,150,0.9276190476190476
145,1,0.9691666666666666
145,2,0.964047619047619
145,4,0.9710714285714286
145,6,0.9702380952380952
145,8,0.9698809523809524
145,10,0.9680952380952381
145,12,0.9663095238095238
145,14,0.9645238095238096
145,16,0.9623809523809523
145,18,0.9625
145,20,0.9607142857142857
145,22,0.9607142857142857
145,24,0.9591666666666666
145,26,0.9573809523809523
145,28,0.9560714285714286
145,30,0.9552380952380952
145,32,0.9551190476190476
145,34,0.9544047619047619
145,36,0.9528571428571428
145,38,0.9515476190476191
145,40,0.9510714285714286
145,42,0.9507142857142857
145,44,0.9488095238095238
145,46,0.9483333333333334
145,48,0.9475
145,50,0.9472619047619047
145,52,0.9469047619047619
145,54,0.9463095238095238
145,56,0.9457142857142857
145,58,0.9451190476190476
145,60,0.9453571428571429
145,62,0.9452380952380952
145,64,0.9452380952380952
145,66,0.944047619047619
145,68,0.9434523809523809
145,70,0.9435714285714286
145,72,0.9430952380952381
145,74,0.9427380952380953
145,76,0.9420238095238095
145,78,0.9415476190476191
145,80,0.9403571428571429
145,82,0.9403571428571429
145,84,0.9398809523809524
145,86,0.9395238095238095
145,88,0.9391666666666667
145,90,0.9389285714285714
145,92,0.9382142857142857
145,94,0.9376190476190476
145,96,0.9373809523809524
145,98,0.9375
145,100,0.9369047619047619
145,102,0.9361904761904762
145,104,0.9364285714285714
145,106,0.9354761904761905
145,108,0.9352380952380952
145,110,0.9347619047619048
145,112,0.9342857142857143
145,114,0.934404761904762
145,116,0.9341666666666667
145,118,0.9334523809523809
145,120,0.9339285714285714
145,122,0.9329761904761905
145,124,0.9326190476190476
145,126,0.9321428571428572
145,128,0.9321428571428572
145,130,0.9316666666666666
145,132,0.9316666666666666
145,134,0.9314285714285714
145,136,0.93
145,138,0.9298809523809524
145,140,0.929404761904762
145,142,0.9284523809523809
145,144,0.9282142857142858
145,146,0.9277380952380953
145,148,0.9276190476190476
145,150,0.9276190476190476
150,1,0.969047619047619
150,2,0.9641666666666666
150,4,0.971547619047619
150,6,0.9702380952380952
150,8,0.9703571428571428
150,10,0.9677380952380953
150,12,0.9660714285714286
150,14,0.9645238095238096
150,16,0.9627380952380953
150,18,0.9621428571428572
150,20,0.9607142857142857
150,22,0.9605952380952381
150,24,0.9592857142857143
150,26,0.9571428571428572
150,28,0.9557142857142857
150,30,0.9552380952380952
150,32,0.955
150,34,0.9538095238095238
150,36,0.9529761904761904
150,38,0.9515476190476191
150,40,0.9514285714285714
150,42,0.9507142857142857
150,44,0.9489285714285715
150,46,0.9484523809523809
150,48,0.9472619047619047
150,50,0.9467857142857142
150,52,0.9465476190476191
150,54,0.9465476190476191
150,56,0.945595238095238
150,58,0.9453571428571429
150,60,0.9452380952380952
150,62,0.9448809523809524
150,64,0.9442857142857143
150,66,0.9434523809523809
150,68,0.9432142857142857
150,70,0.9432142857142857
150,72,0.9435714285714286
150,74,0.9429761904761905
150,76,0.9416666666666667
150,78,0.9410714285714286
150,80,0.940595238095238
150,82,0.9395238095238095
150,84,0.9391666666666667
150,86,0.9395238095238095
150,88,0.9391666666666667
150,90,0.9385714285714286
150,92,0.9380952380952381
150,94,0.9373809523809524
150,96,0.9376190476190476
150,98,0.9370238095238095
150,100,0.9358333333333333
150,102,0.9357142857142857
150,104,0.935952380952381
150,106,0.9348809523809524
150,108,0.9347619047619048
150,110,0.9345238095238095
150,112,0.9347619047619048
150,114,0.9346428571428571
150,116,0.9341666666666667
150,118,0.9333333333333333
150,120,0.9329761904761905
150,122,0.9321428571428572
150,124,0.9319047619047619
150,126,0.9320238095238095
150,128,0.9321428571428572
150,130,0.9316666666666666
150,132,0.9310714285714285
150,134,0.9302380952380952
150,136,0.9301190476190476
150,138,0.9292857142857143
150,140,0.9284523809523809
150,142,0.9285714285714286
150,144,0.9284523809523809
150,146,0.9280952380952381
150,148,0.9276190476190476
150,150,0.9271428571428572
155,1,0.9688095238095238
155,2,0.9641666666666666
155,4,0.9711904761904762
155,6,0.9707142857142858
155,8,0.97
155,10,0.9672619047619048
155,12,0.965952380952381
155,14,0.9645238095238096
155,16,0.9623809523809523
155,18,0.9619047619047619
155,20,0.9601190476190476
155,22,0.96
155,24,0.959047619047619
155,26,0.9575
155,28,0.9563095238095238
155,30,0.9552380952380952
155,32,0.9545238095238096
155,34,0.9530952380952381
155,36,0.9522619047619048
155,38,0.9510714285714286
155,40,0.9517857142857142
155,42,0.9501190476190476
155,44,0.949047619047619
155,46,0.9486904761904762
155,48,0.9476190476190476
155,50,0.9471428571428572
155,52,0.9466666666666667
155,54,0.9464285714285714
155,56,0.9452380952380952
155,58,0.9451190476190476
155,60,0.9452380952380952
155,62,0.9446428571428571
155,64,0.9446428571428571
155,66,0.9439285714285715
155,68,0.9438095238095238
155,70,0.9430952380952381
155,72,0.9429761904761905
155,74,0.9426190476190476
155,76,0.9415476190476191
155,78,0.940595238095238
155,80,0.9408333333333333
155,82,0.9392857142857143
155,84,0.9394047619047619
155,86,0.9388095238095238
155,88,0.9385714285714286
155,90,0.9383333333333334
155,92,0.9382142857142857
155,94,0.9376190476190476
155,96,0.9370238095238095
155,98,0.9367857142857143
155,100,0.9363095238095238
155,102,0.9358333333333333
155,104,0.9353571428571429
155,106,0.9348809523809524
155,108,0.9352380952380952
155,110,0.9345238095238095
155,112,0.9347619047619048
155,114,0.934047619047619
155,116,0.934047619047619
155,118,0.9339285714285714
155,120,0.9332142857142857
155,122,0.9325
155,124,0.9320238095238095
155,126,0.9314285714285714
155,128,0.9319047619047619
155,130,0.9316666666666666
155,132,0.9303571428571429
155,134,0.93
155,136,0.9295238095238095
155,138,0.9291666666666667
155,140,0.9285714285714286
155,142,0.9282142857142858
155,144,0.9278571428571428
155,146,0.9277380952380953
155,148,0.9275
155,150,0.9266666666666666
160,1,0.9686904761904762
160,2,0.9639285714285715
160,4,0.9707142857142858
160,6,0.9701190476190477
160,8,0.9698809523809524
160,10,0.9670238095238095
160,12,0.9660714285714286
160,14,0.964047619047619
160,16,0.9621428571428572
160,18,0.9613095238095238
160,20,0.9604761904761905
160,22,0.9603571428571429
160,24,0.9586904761904762
160,26,0.9567857142857142
160,28,0.955595238095238
160,30,0.9551190476190476
160,32,0.9535714285714286
160,34,0.9529761904761904
160,36,0.9521428571428572
160,38,0.9515476190476191
160,40,0.9507142857142857
160,42,0.9496428571428571
160,44,0.9483333333333334
160,46,0.9489285714285715
160,48,0.9476190476190476
160,50,0.9470238095238095
160,52,0.9465476190476191
160,54,0.9457142857142857
160,56,0.9452380952380952
160,58,0.9454761904761905
160,60,0.9453571428571429
160,62,0.9446428571428571
160,64,0.9444047619047619
160,66,0.9444047619047619
160,68,0.9433333333333334
160,70,0.9427380952380953
160,72,0.9433333333333334
160,74,0.9420238095238095
160,76,0.9416666666666667
160,78,0.940595238095238
160,80,0.9402380952380952
160,82,0.9395238095238095
160,84,0.9394047619047619
160,86,0.9385714285714286
160,88,0.9385714285714286
160,90,0.9375
160,92,0.9376190476190476
160,94,0.9377380952380953
160,96,0.9371428571428572
160,98,0.9367857142857143
160,100,0.9360714285714286
160,102,0.9351190476190476
160,104,0.9353571428571429
160,106,0.934404761904762
160,108,0.9347619047619048
160,110,0.9341666666666667
160,112,0.9339285714285714
160,114,0.9336904761904762
160,116,0.9334523809523809
160,118,0.9332142857142857
160,120,0.9327380952380953
160,122,0.9322619047619047
160,124,0.9322619047619047
160,126,0.9319047619047619
160,128,0.9313095238095238
160,130,0.9305952380952381
160,132,0.93
160,134,0.9297619047619048
160,136,0.9291666666666667
160,138,0.9285714285714286
160,140,0.9282142857142858
160,142,0.9284523809523809
160,144,0.9278571428571428
160,146,0.9276190476190476
160,148,0.9273809523809524
160,150,0.9270238095238095
165,1,0.9685714285714285
165,2,0.9641666666666666
165,4,0.9713095238095238
165,6,0.9697619047619047
165,8,0.9697619047619047
165,10,0.9669047619047619
165,12,0.9664285714285714
165,14,0.9638095238095238
165,16,0.9622619047619048
165,18,0.9615476190476191
165,20,0.9607142857142857
165,22,0.9601190476190476
165,24,0.9583333333333334
165,26,0.9571428571428572
165,28,0.9548809523809524
165,30,0.9547619047619048
165,32,0.9538095238095238
165,34,0.9530952380952381
165,36,0.9521428571428572
165,38,0.9508333333333333
165,40,0.9507142857142857
165,42,0.949047619047619
165,44,0.9484523809523809
165,46,0.9484523809523809
165,48,0.9476190476190476
165,50,0.9465476190476191
165,52,0.9464285714285714
165,54,0.9457142857142857
165,56,0.9448809523809524
165,58,0.945
165,60,0.945
165,62,0.9444047619047619
165,64,0.9444047619047619
165,66,0.9436904761904762
165,68,0.9428571428571428
165,70,0.9428571428571428
165,72,0.9421428571428572
165,74,0.9414285714285714
165,76,0.9408333333333333
165,78,0.9404761904761905
165,80,0.9402380952380952
165,82,0.9397619047619048
165,84,0.939047619047619
165,86,0.9383333333333334
165,88,0.9380952380952381
165,90,0.9380952380952381
165,92,0.9376190476190476
165,94,0.9376190476190476
165,96,0.9370238095238095
